session,sample,qqq_ret,qqq_equity,qqq_gross_fixed,bench_qqq_ret,spy_ret,igv_ret,qqq_forced_flat_ret,qqq_2bp_ret
2021-10-25,IS,0.0003764804,1.0003764804,0.0004764804,0.0102913659,0.0011640280,-0.0040895371,0.0002764328,0.0002764804
2021-10-26,IS,0.0030959570,1.0034736030,0.0030971226,0.0030956476,0.0011857069,0.0007330450,-0.0044755104,0.0030962665
2021-10-27,IS,0.0023213961,1.0058030627,0.0023294597,0.0023211648,-0.0022929438,0.0048615943,-0.0049922076,0.0023216275
2021-10-28,IS,0.0074222048,1.0132683390,0.0076405414,0.0111052632,-0.0030765007,-0.0114015008,0.0022784225,0.0072214409
2021-10-29,IS,-0.0024588972,1.0107768163,-0.0022569044,0.0049190568,0.0073363305,0.0038017379,0.0027088756,-0.0026586716
2021-11-01,IS,0.0036910261,1.0145076200,0.0037013948,0.0036906581,0.0016985530,-0.0060762252,0.0000000000,0.0036913942
2021-11-02,IS,0.0039097127,1.0184740533,0.0039351671,0.0039093243,0.0039348304,0.0000000000,0.0005201482,0.0039101012
2021-11-03,IS,0.0106166527,1.0292868386,0.0107275514,0.0106156021,0.0062039251,-0.0075528284,0.0026564199,0.0106177035
2021-11-04,IS,0.0128198117,1.0424821021,0.0130912491,0.0128185564,0.0045301024,0.0035663074,0.0078490128,0.0128210672
2021-11-05,IS,-0.0026927890,1.0396749178,-0.0026818878,0.0011802521,0.0038348289,-0.0049015575,-0.0047579416,-0.0027928094
2021-11-08,IS,0.0000000000,1.0396749178,0.0000000000,-0.0015801751,0.0005975699,0.0000000000,0.0000000000,0.0000000000
2021-11-09,IS,0.0004056634,1.0400966758,0.0005056634,-0.0068833844,-0.0042374292,-0.0107878799,0.0003057140,0.0003056634
2021-11-10,IS,0.0146835661,1.0553690041,0.0146895227,-0.0146969544,0.0025673550,0.0126997963,-0.0038394601,0.0146850340
2021-11-11,IS,-0.0026899768,1.0525300859,-0.0027305825,0.0027727144,-0.0003218376,-0.0046738453,0.0000000000,-0.0026902418
2021-11-12,IS,-0.0053926440,1.0468541659,-0.0053600324,0.0105225428,-0.0034695309,-0.0050185475,0.0000000000,-0.0054912633
2021-11-15,IS,-0.0070791178,1.0394433620,-0.0068798057,-0.0002280213,-0.0038094389,-0.0076467238,-0.0070791178,-0.0072784298
2021-11-16,IS,0.0011092508,1.0405963653,0.0012092508,0.0071209549,-0.0001213101,0.0023646794,0.0010091298,0.0010092508
2021-11-17,IS,0.0005284610,1.0411462799,0.0005290472,0.0005284082,-0.0036801911,-0.0064158163,-0.0020573838,0.0005285138
2021-11-18,IS,0.0103624257,1.0519350809,0.0103794024,0.0103613912,0.0000000000,-0.0065711003,0.0012456265,0.0103634603
2021-11-19,IS,0.0055761577,1.0578008367,0.0056431703,0.0055756067,-0.0058871010,0.0000000000,0.0003943678,0.0055767087
2021-11-22,IS,-0.0042337683,1.0533223531,-0.0042071850,-0.0116091982,-0.0038134963,0.0174247711,-0.0060666037,-0.0043337906
2021-11-23,IS,0.0025884529,1.0560488284,0.0027881741,-0.0045579765,-0.0018268054,0.0154370337,0.0039643656,0.0023887318
2021-11-24,IS,0.0000000000,1.0560488284,0.0000000000,0.0032202878,0.0000000000,-0.0159182545,0.0000000000,0.0000000000
2021-11-26,IS,0.0011254902,1.0572374010,0.0012254902,-0.0189587722,0.0051617903,0.0000000000,0.0010256127,0.0010254902
2021-11-29,IS,-0.0125635544,1.0439547415,-0.0123699058,0.0217024540,-0.0106557267,-0.0005983970,0.0004508625,-0.0127646751
2021-11-30,IS,-0.0153618369,1.0279176790,-0.0152717623,-0.0146863819,0.0000000000,-0.0098907682,0.0000000000,-0.0154618659
2021-12-01,IS,0.0115530073,1.0397932194,0.0116530073,-0.0170128485,0.0081480231,0.0459006927,0.0114541726,0.0114530073
2021-12-02,IS,-0.0070417304,1.0324712759,-0.0071230836,0.0072070676,-0.0160664878,-0.0188249052,-0.0120842816,-0.0070424266
2021-12-03,IS,0.0172335158,1.0502643860,0.0173098590,-0.0173886281,0.0000000000,0.0320395788,-0.0019257981,0.0172352317
2021-12-06,IS,-0.0033694301,1.0467255936,-0.0033445303,0.0080129460,-0.0037711995,0.0028106344,0.0000000000,-0.0034658314
2021-12-07,IS,0.0093389891,1.0565009525,0.0094389891,0.0301139306,0.0186942845,-0.0040671393,0.0092380452,0.0092389891
2021-12-08,IS,0.0044747162,1.0612284944,0.0045165055,0.0044742729,0.0000278091,0.0042123054,0.0010777474,0.0044751596
2021-12-09,IS,-0.0038764929,1.0571146497,-0.0037517800,-0.0147143465,-0.0043171725,-0.0124801008,0.0033434920,-0.0040761175
2021-12-10,IS,-0.0090595572,1.0475376591,-0.0089902058,0.0108703934,0.0000000000,-0.0162816628,0.0000000000,-0.0091606698
2021-12-13,IS,0.0000000000,1.0475376591,0.0000000000,-0.0144468732,-0.0052506444,0.0000000000,0.0000000000,0.0000000000
2021-12-14,IS,-0.0154218460,1.0313826946,-0.0150796538,-0.0103502779,0.0041542220,0.0114302538,0.0042116024,-0.0158202059
2021-12-15,IS,0.0000000000,1.0313826946,0.0000000000,0.0227975270,-0.0028259164,-0.0077796921,0.0000000000,0.0000000000
2021-12-16,IS,-0.0096453422,1.0214346556,-0.0094462868,-0.0257146455,-0.0074562328,0.0000000000,0.0000000000,-0.0098443975
2021-12-17,IS,-0.0143245979,1.0068030149,-0.0141231856,-0.0048081894,-0.0085037848,-0.0134793218,-0.0143245979,-0.0145260102
2021-12-20,IS,0.0001626119,1.0069667331,0.0002626119,-0.0111434360,-0.0018393602,0.0000000000,0.0000626382,0.0000626119
2021-12-21,IS,-0.0064490954,1.0004727086,-0.0062501641,0.0223804145,-0.0081081369,0.0086082108,-0.0002000000,-0.0066496675
2021-12-22,IS,0.0121797334,1.0126581995,0.0121785155,0.0121785155,0.0085697723,0.0058220233,0.0096682774,0.0121809516
2021-12-23,IS,0.0075397727,1.0202934122,0.0076308420,0.0075390278,0.0060942540,0.0066439888,0.0047874744,0.0075405178
2021-12-27,IS,0.0165288807,1.0371577202,0.0168546543,0.0165272599,0.0141975525,0.0128002668,0.0075167037,0.0165305018
2021-12-28,IS,-0.0051807887,1.0317844252,-0.0052670795,-0.0046346783,-0.0005867762,-0.0069128940,0.0000000000,-0.0052807997
2021-12-29,IS,0.0000000000,1.0317844252,0.0000000000,-0.0001493987,0.0011113356,-0.0022271465,0.0000000000,0.0000000000
2021-12-30,IS,0.0000000000,1.0317844252,0.0000000000,-0.0029884199,0.0002350819,-0.0057921575,0.0000000000,0.0000000000
2021-12-31,IS,0.0000000000,1.0317844252,0.0000000000,0.0000000000,0.0000000000,0.0000000000,0.0000000000,0.0000000000
2022-01-03,IS,-0.0064649350,1.0251140060,-0.0062643085,0.0033220932,-0.0039903314,-0.0012649608,-0.0064649350,-0.0066655614
2022-01-04,IS,0.0007568332,1.0258898463,0.0008568332,-0.0129705238,-0.0045355194,0.0012287570,0.0006569189,0.0006568332
2022-01-05,IS,0.0306715777,1.0573555065,0.0306947910,-0.0307211138,0.0110624570,0.0361496109,0.0180712282,0.0306746428
2022-01-06,IS,0.0006596784,1.0580530211,0.0006804264,-0.0007025944,0.0015861335,-0.0010755641,-0.0123672409,0.0006597424
2022-01-07,IS,0.0101572340,1.0687999132,0.0104836068,-0.0108327691,0.0038131942,0.0080885469,-0.0000683767,0.0101582182
2022-01-10,IS,0.0039451313,1.0730164693,0.0042085633,0.0006581372,0.0010794146,-0.0032636237,-0.0103539672,0.0038540890
2022-01-11,IS,0.0049840340,1.0783644198,0.0050840340,0.0150219673,0.0038893759,0.0064989006,0.0048835256,0.0048840340
2022-01-12,IS,0.0039659744,1.0826411855,0.0039857409,0.0039655798,0.0031297692,-0.0085984294,-0.0013602759,0.0039663691
2022-01-13,IS,0.0029934313,1.0858819975,0.0031916727,-0.0250161353,-0.0053584447,0.0197233928,0.0084892170,0.0027931122
2022-01-14,IS,-0.0064230605,1.0789073117,-0.0063784550,0.0062225282,0.0005430585,-0.0043006272,0.0000000000,-0.0065226267
2022-01-18,IS,0.0098922520,1.0895801348,0.0099922520,-0.0248940817,0.0050213878,0.0004273347,0.0097932512,0.0097922520
2022-01-19,IS,0.0107674074,1.1013120879,0.0108739213,-0.0109836729,0.0101699153,-0.0160221360,-0.0096100898,0.0107684737
2022-01-20,IS,0.0124586923,1.1150329963,0.0127174116,-0.0129884305,0.0108188376,0.0000000000,0.0113601120,0.0124599129
2022-01-21,IS,0.0259292005,1.1439449105,0.0267974031,-0.0277286299,0.0180295309,0.0253532215,-0.0055709984,0.0259317097
2022-01-24,IS,0.0100546999,1.1554469332,0.0107536937,0.0045778953,0.0108194949,-0.0077128934,-0.0092416819,0.0099680344
2022-01-25,IS,0.0000000000,1.1554469332,0.0000000000,-0.0231814322,0.0000000000,0.0000000000,0.0000000000,0.0000000000
2022-01-26,IS,-0.0140487649,1.1392143309,-0.0138501499,-0.0015647185,-0.0129823947,-0.0035208421,-0.0140487649,-0.0142473799
2022-01-27,IS,0.0000000000,1.1392143309,0.0000000000,-0.0100705227,0.0000000000,-0.0289467636,0.0000000000,0.0000000000
2022-01-28,IS,-0.0179682741,1.1187446156,-0.0177664975,0.0313691000,-0.0129616745,-0.0274440475,-0.0179682741,-0.0181700508
2022-01-31,IS,0.0277878822,1.1498321592,0.0278878822,0.0319783968,0.0192772097,0.0336933698,0.0221858209,0.0276878822
2022-02-01,IS,0.0068041325,1.1576557696,0.0069932050,0.0068034706,0.0070261901,0.0054647685,0.0014714779,0.0068047946
2022-02-02,IS,0.0081261956,1.1670631068,0.0084088335,0.0081254104,0.0095163261,-0.0158297338,0.0016213610,0.0081269810
2022-02-03,IS,-0.0126438655,1.1523069178,-0.0131978763,-0.0405438411,-0.0105233261,0.0225866977,0.0113201499,-0.0128425479
2022-02-04,IS,-0.0138930067,1.1362979101,-0.0139514077,0.0126149060,-0.0070487233,-0.0235812896,0.0000000000,-0.0139935018
2022-02-07,IS,0.0000000000,1.1362979101,0.0000000000,-0.0080444680,0.0000000000,-0.0167167089,0.0000000000,0.0000000000
2022-02-08,IS,0.0000000000,1.1362979101,0.0000000000,0.0112353223,0.0000000000,0.0000000000,0.0000000000,0.0000000000
2022-02-09,IS,0.0081755966,1.1455878234,0.0082755966,0.0211906883,0.0027067098,0.0166536191,0.0080747691,0.0080755966
2022-02-10,IS,-0.0140339553,1.1295106950,-0.0140492687,-0.0226324544,-0.0075125984,-0.0250881634,0.0000000000,-0.0141339737
2022-02-11,IS,0.0239431934,1.1565547881,0.0240431934,-0.0317216751,0.0150183075,0.0270191011,0.0238455977,0.0238431934
2022-02-14,IS,-0.0011809150,1.1551889952,-0.0012091898,0.0012389789,0.0032609513,0.0022154222,-0.0079731736,-0.0011810303
2022-02-15,IS,-0.0132342161,1.1399009744,-0.0133534107,0.0248640249,-0.0135603438,-0.0157460303,0.0026438246,-0.0134315796
2022-02-16,IS,-0.0119215325,1.1263116079,-0.0118551476,-0.0002527167,0.0000000000,-0.0214012463,0.0000000000,-0.0120215590
2022-02-17,IS,0.0121944961,1.1400464104,0.0122944961,-0.0297438490,0.0065589396,0.0256534695,0.0120957255,0.0120944961
2022-02-18,IS,0.0111294711,1.1527345240,0.0112651894,-0.0114054132,0.0062542900,0.0203427298,0.0069813681,0.0111305708
2022-02-22,IS,0.0095822094,1.1637802675,0.0098070050,-0.0100436298,0.0102318777,0.0075633275,-0.0104038878,0.0095831457
2022-02-23,IS,0.0239633615,1.1916683548,0.0247605432,-0.0256152390,0.0170580997,0.0223540732,0.0128933731,0.0239656809
2022-02-24,IS,-0.0163454258,1.1721900281,-0.0171979986,0.0336045170,-0.0011405288,-0.0120973663,-0.0158991932,-0.0164376265
2022-02-25,IS,0.0097422897,1.1836098430,0.0098422897,0.0155070633,0.0098249856,0.0077975338,0.0096413055,0.0096422897
2022-02-28,IS,-0.0106272287,1.1710313505,-0.0106308411,0.0029788588,-0.0139498420,0.0098339256,-0.0132520186,-0.0107272482
2022-03-01,IS,-0.0021834556,1.1684744555,-0.0020834556,-0.0153114187,-0.0000650972,-0.0089178970,-0.0022836639,-0.0022834556
2022-03-02,IS,-0.0123062410,1.1540949273,-0.0121779447,0.0167794079,-0.0119175635,-0.0167664213,0.0000000000,-0.0124091327
2022-03-03,IS,0.0000000000,1.1540949273,0.0000000000,-0.0142848914,-0.0045535910,-0.0054428173,0.0000000000,0.0000000000
2022-03-04,IS,-0.0011981510,1.1527121474,-0.0010981510,-0.0144919067,-0.0098623509,0.0216884950,-0.0012982608,-0.0012981510
2022-03-07,IS,0.0369659065,1.1953231968,0.0369216158,-0.0368811147,0.0191145863,0.0415716756,0.0255343390,0.0369696079
2022-03-08,IS,-0.0186927359,1.1729793360,-0.0192621613,-0.0046481561,-0.0124605065,0.0092562912,-0.0217761565,-0.0187895019
2022-03-09,IS,0.0005870594,1.1736679446,0.0006870594,0.0359981444,-0.0002169919,-0.0255144943,0.0004869907,0.0004870594
2022-03-10,IS,-0.0152049375,1.1558223969,-0.0151153065,-0.0111048091,-0.0107475191,-0.0186935485,0.0000000000,-0.0153049664
2022-03-11,IS,0.0068641081,1.1637560867,0.0069641081,-0.0207383705,0.0000000000,0.0125786410,0.0067648045,0.0067641081
2022-03-14,IS,0.0189409295,1.1857987087,0.0190709421,-0.0192046856,-0.0036454028,0.0283712883,0.0114807256,0.0189428108
2022-03-15,IS,-0.0159104563,1.1669321101,-0.0162240759,0.0313668793,-0.0109582401,-0.0153821598,0.0000000000,-0.0160085325
2022-03-16,IS,-0.0132711747,1.1514455502,-0.0130724820,0.0370866982,0.0224200813,-0.0208214200,-0.0132711747,-0.0134698675
2022-03-17,IS,0.0178389426,1.1719861212,0.0179389426,0.0121062529,0.0122845209,0.0269791523,0.0098869677,0.0177389426
2022-03-18,IS,0.0204700170,1.1959766970,0.0208351804,0.0204680060,0.0077802932,0.0293720718,0.0177836046,0.0204720283
2022-03-21,IS,-0.0150363674,1.1779935519,-0.0155155599,-0.0040114939,-0.0068742257,-0.0229641213,-0.0095785919,-0.0151363405
2022-03-22,IS,0.0124663064,1.1926787805,0.0125663064,0.0196526508,0.0049078247,0.0095683669,0.0123650498,0.0123663064
2022-03-23,IS,-0.0099050179,1.1808652759,-0.0099282331,-0.0143713581,-0.0068179850,-0.0225889206,0.0000000000,-0.0100050353
2022-03-24,IS,0.0026602744,1.1840067015,0.0027602744,0.0222266435,0.0000000000,0.0000000000,0.0025599983,0.0025602744
2022-03-25,IS,-0.0115277838,1.1703577282,-0.0114593208,-0.0008341443,0.0038702784,0.0000000000,-0.0104679082,-0.0116278106
2022-03-28,IS,-0.0055070452,1.1639125153,-0.0051839048,0.0154723807,0.0070703402,0.0029605196,-0.0056065044,-0.0058059462
2022-03-29,IS,0.0172114390,1.1839451245,0.0172608086,0.0172097229,0.0124836847,0.0241109434,0.0054073716,0.0172131554
2022-03-30,IS,-0.0106067375,1.1713873293,-0.0107192920,-0.0110455562,-0.0070767882,-0.0179527598,0.0000000000,-0.0107067461
2022-03-31,IS,0.0040204263,1.1760968058,0.0041204263,-0.0123947806,0.0086263479,0.0000000000,0.0039208384,0.0039204263
2022-04-01,IS,0.0018878063,1.1783170488,0.0018953961,-0.0019032383,-0.0017607762,-0.0061976126,-0.0014175756,0.0018879944
2022-04-04,IS,-0.0089474776,1.1677740834,-0.0089001209,0.0205886417,-0.0005559778,-0.0222511512,0.0000000000,-0.0090480757
2022-04-05,IS,-0.0086546070,1.1576674576,-0.0084554525,-0.0222041701,0.0000000000,-0.0180551598,0.0000000000,-0.0088537615
2022-04-06,IS,0.0018494279,1.1598084801,0.0019494279,-0.0217114373,-0.0018272707,0.0027511715,0.0017496228,0.0017494279
2022-04-07,IS,-0.0083349679,1.1501415137,-0.0082497528,0.0023778520,-0.0061462384,-0.0038646434,-0.0122139845,-0.0084362542
2022-04-08,IS,0.0000000000,1.1501415137,0.0000000000,-0.0139791019,0.0000000000,0.0154887041,0.0000000000,0.0000000000
2022-04-11,IS,0.0114979008,1.1633657267,0.0115979008,-0.0236574538,0.0058738236,0.0110205659,0.0113990606,0.0113979008
2022-04-12,IS,-0.0101721226,1.1515318279,-0.0100862448,-0.0042242366,-0.0066759901,-0.0171690136,0.0022687296,-0.0103713035
2022-04-13,IS,-0.0149352423,1.1343334209,-0.0148693761,0.0203269996,-0.0079608096,0.0000000000,0.0000000000,-0.0150377434
2022-04-14,IS,0.0000000000,1.1343334209,0.0000000000,-0.0228670420,0.0000000000,0.0000000000,0.0000000000,0.0000000000
2022-04-18,IS,-0.0094857726,1.1235733920,-0.0092848442,0.0007682534,-0.0074497614,-0.0006375000,-0.0094857726,-0.0096867011
2022-04-19,IS,0.0034067382,1.1274011123,0.0035067382,0.0223508223,0.0038474871,-0.0098421723,0.0033063875,0.0033067382
2022-04-20,IS,-0.0093127371,1.1169019222,-0.0092450370,-0.0145844163,-0.0024816569,-0.0092345339,0.0000000000,-0.0094127637
2022-04-21,IS,0.0156584683,1.1343908956,0.0157584683,-0.0206910700,0.0005223786,0.0269456034,0.0155600442,0.0155584683
2022-04-22,IS,0.0253758489,1.1631770276,0.0257731959,-0.0261858447,0.0272585288,0.0241085355,0.0202716436,0.0253783477
2022-04-25,IS,-0.0103315972,1.1511595511,-0.0106627393,0.0128457283,-0.0027532044,-0.0162509410,-0.0101044318,-0.0104256558
2022-04-26,IS,0.0151766565,1.1686303042,0.0152766565,-0.0377450088,0.0049869316,0.0094099865,0.0150781842,0.0150766565
2022-04-27,IS,0.0011622651,1.1699885624,0.0011799044,-0.0011982090,-0.0132654591,-0.0208442508,-0.0162063988,0.0011623796
2022-04-28,IS,-0.0134055596,1.1543042110,-0.0133405443,0.0355158480,0.0106036529,0.0074838639,0.0105532694,-0.0136057447
2022-04-29,IS,-0.0191344825,1.1322171972,-0.0190471759,-0.0449986281,-0.0112402839,-0.0163476506,0.0061448057,-0.0193325778
2022-05-02,IS,-0.0164870599,1.1135502645,-0.0165900079,0.0166959298,-0.0050244271,0.0000000000,0.0000000000,-0.0164886985
2022-05-03,IS,-0.0070872590,1.1056582454,-0.0068856591,0.0010675710,-0.0010326983,0.0000000000,-0.0070215352,-0.0072886395
2022-05-04,IS,0.0088588223,1.1154530753,0.0091699307,0.0338121824,0.0122669491,-0.0051523356,0.0141396750,0.0086579046
2022-05-05,IS,-0.0315706356,1.0802375127,-0.0318259715,-0.0503640777,-0.0290724938,-0.0350848175,-0.0003278246,-0.0317674533
2022-05-06,IS,0.0119850923,1.0931842590,0.0119823620,-0.0119808307,0.0060373130,0.0322270199,-0.0192191279,0.0119862912
2022-05-09,IS,0.0382139007,1.1349590937,0.0386630879,-0.0391269200,0.0317234649,0.0509079064,0.0251567732,0.0382176781
2022-05-10,IS,-0.0109813659,1.1224956926,-0.0115350204,0.0121487464,-0.0019466717,-0.0111012536,0.0000000000,-0.0109824114
2022-05-11,IS,0.0276198314,1.1534988344,0.0286937628,-0.0298576938,-0.0063050711,0.0289895463,0.0109510116,0.0276224903
2022-05-12,IS,0.0018856139,1.1556738878,0.0020130368,-0.0021591610,0.0007817612,-0.0074073774,-0.0230653857,0.0018857905
2022-05-13,IS,-0.0330840591,1.1174395046,-0.0343483148,0.0370599347,-0.0132789539,-0.0266630971,-0.0149277213,-0.0333681017
2022-05-16,IS,0.0000000000,1.1174395046,0.0000000000,-0.0115917070,-0.0091940455,-0.0233269873,0.0000000000,0.0000000000
2022-05-17,IS,-0.0124703546,1.1035046377,-0.0121639882,0.0259013537,0.0061108740,-0.0168522318,-0.0125691175,-0.0127678613
2022-05-18,IS,-0.0022479926,1.1010239674,-0.0017454675,-0.0490903746,-0.0039264436,0.0130367078,0.0167187945,-0.0024478185
2022-05-19,IS,0.0051804802,1.1067278003,0.0052676009,-0.0053582469,0.0072934504,-0.0221528875,-0.0155303780,0.0051809897
2022-05-20,IS,0.0029733353,1.1100184731,0.0030390005,-0.0031079494,-0.0008649230,-0.0217837939,-0.0063697989,0.0029736262
2022-05-23,IS,-0.0060906079,1.1032577858,-0.0061455344,0.0166274075,-0.0083087195,0.0000000000,0.0000000000,-0.0061868996
2022-05-24,IS,0.0000000000,1.1032577858,0.0000000000,-0.0212620962,-0.0134232690,-0.0163042403,0.0000000000,0.0000000000
2022-05-25,IS,0.0000000000,1.1032577858,0.0000000000,0.0139952653,-0.0048081215,0.0000000000,0.0000000000,0.0000000000
2022-05-26,IS,0.0193816253,1.1246407148,0.0194816253,0.0277072032,0.0199803685,0.0080245664,0.0192796771,0.0192816253
2022-05-27,IS,0.0326427636,1.1613520958,0.0332754334,0.0326395617,0.0243011826,0.0343746145,0.0176962228,0.0326459661
2022-05-31,IS,-0.0026531152,1.1582708949,-0.0027928204,-0.0026528632,-0.0194560625,-0.0197884610,-0.0054590655,-0.0026533672
2022-06-01,IS,-0.0108369508,1.1457187702,-0.0112734580,-0.0073958739,-0.0085669904,0.0056680205,-0.0131641388,-0.0109369282
2022-06-02,IS,0.0050154166,1.1514650272,0.0051154166,0.0273856209,0.0000000000,0.0459235748,0.0049149050,0.0049154166
2022-06-03,IS,-0.0208710408,1.1274327536,-0.0208772939,-0.0260194669,-0.0027700630,-0.0269714208,0.0000000000,-0.0209710601
2022-06-06,IS,0.0000000000,1.1274327536,0.0000000000,0.0033311561,0.0000000000,0.0000000000,0.0000000000,0.0000000000
2022-06-07,IS,0.0000000000,1.1274327536,0.0000000000,0.0086257405,-0.0092622842,0.0000000000,0.0000000000,0.0000000000
2022-06-08,IS,0.0000000000,1.1274327536,0.0000000000,-0.0071965663,0.0000000000,0.0000000000,0.0000000000,0.0000000000
2022-06-09,IS,0.0156467372,1.1450733977,0.0157467372,-0.0267845534,0.0141878185,0.0058143657,0.0155483119,0.0155467372
2022-06-10,IS,0.0341803344,1.1842123893,0.0347151451,-0.0352705411,0.0281032645,0.0353282690,0.0170519036,0.0341837001
2022-06-13,IS,0.0420331683,1.2339885880,0.0441500378,-0.0464963301,0.0353637039,0.0225127919,0.0194509878,0.0420371705
2022-06-14,IS,-0.0015017740,1.2321354161,-0.0016437095,0.0018154751,0.0022058024,-0.0054615437,-0.0082016769,-0.0015019112
2022-06-15,IS,-0.0223846194,1.2045545337,-0.0236361486,0.0249719111,-0.0172851565,-0.0302247755,-0.0083187188,-0.0225682080
2022-06-16,IS,-0.0254162522,1.1739392719,-0.0248433601,-0.0403465347,-0.0245453771,-0.0206423087,0.0043487437,-0.0256137685
2022-06-17,IS,-0.0137944648,1.1577454080,-0.0137549059,0.0121596227,0.0027039950,-0.0120149417,0.0000000000,-0.0138963220
2022-06-21,IS,-0.0080062544,1.1484762037,-0.0079062544,0.0232625869,-0.0248749697,-0.0132417113,-0.0081054638,-0.0081062544
2022-06-22,IS,-0.0196867800,1.1258664053,-0.0194131774,-0.0014586595,-0.0138273748,-0.0238119211,-0.0105764203,-0.0199828698
2022-06-23,IS,0.0000000000,1.1258664053,0.0000000000,0.0148929348,-0.0015023295,0.0151367496,0.0000000000,0.0000000000
2022-06-24,IS,0.0143273810,1.1419971223,0.0144273810,0.0342636475,0.0169976955,0.0426559383,0.0142259383,0.0142273810
2022-06-27,IS,-0.0073324495,1.1336234861,-0.0074375043,-0.0073317267,-0.0033341740,-0.0185015245,0.0000000000,-0.0073331725
2022-06-28,IS,0.0106618314,1.1457099886,0.0109047399,-0.0304667465,0.0022993709,0.0072137957,0.0155269171,0.0104607407
2022-06-29,IS,-0.0008886726,1.1446918275,-0.0009025584,0.0009169782,0.0015190074,-0.0028018709,-0.0091583478,-0.0008887601
2022-06-30,IS,0.0120419610,1.1584761619,0.0122192523,-0.0124031008,0.0067866056,0.0161115666,-0.0118583579,0.0120431479
2022-07-01,IS,-0.0061799027,1.1513168919,-0.0062484813,0.0066005423,-0.0073103546,-0.0151727756,0.0000000000,-0.0062758655
2022-07-05,IS,0.0111411420,1.1641438769,0.0112411420,0.0171197675,0.0000000000,0.0222776315,0.0110400179,0.0110411420
2022-07-06,IS,0.0064126776,1.1716091563,0.0064841222,0.0064120435,0.0029619455,0.0014231583,0.0053704735,0.0064133119
2022-07-07,IS,0.0214009948,1.1966827578,0.0217781930,0.0213988920,0.0145078125,0.0201090713,0.0094167266,0.0214030980
2022-07-08,IS,0.0012544430,1.1981839281,0.0013038724,0.0012543223,-0.0065550959,-0.0244649658,-0.0088550938,0.0012545637
2022-07-11,IS,-0.0202455206,1.1739260707,-0.0209676777,-0.0213644828,0.0000000000,-0.0120202545,0.0000000000,-0.0203454704
2022-07-12,IS,0.0051821796,1.1800095664,0.0052821796,-0.0096872405,0.0064729414,0.0126681831,0.0050827078,0.0050821796
2022-07-13,IS,0.0020397494,1.1824164902,0.0020503197,-0.0020612074,0.0052349011,0.0089634399,-0.0166970429,0.0020399523
2022-07-14,IS,-0.0041356505,1.1775264289,-0.0040658882,0.0035708034,0.0008305180,0.0082772852,0.0000000000,-0.0042350286
2022-07-15,IS,0.0063482759,1.1850016915,0.0064482759,0.0181393240,0.0072794944,-0.0122497843,0.0062476310,0.0062482759
2022-07-18,IS,-0.0040401177,1.1802141451,-0.0039655172,-0.0084626717,-0.0033211214,0.0003501358,-0.0121689624,-0.0041401450
2022-07-19,IS,0.0064970406,1.1878820443,0.0065970406,0.0307532827,0.0069238967,0.0039055930,0.0063963809,0.0063970406
2022-07-20,IS,0.0156904626,1.2065204631,0.0157924041,0.0156889038,0.0068608262,0.0335061896,0.0105071388,0.0156920216
2022-07-21,IS,0.0145238313,1.2240437627,0.0148475594,0.0145224107,-0.0013781406,0.0179802135,0.0051306198,0.0145252522
2022-07-22,IS,-0.0125601120,1.2086696360,-0.0129241256,-0.0175352983,-0.0090023797,-0.0198487870,0.0000000000,-0.0126600961
2022-07-25,IS,-0.0019016215,1.2063712039,-0.0018016215,-0.0056955528,0.0000000000,0.0123629475,-0.0020018016,-0.0020016215
2022-07-26,IS,0.0197218862,1.2301631195,0.0196843826,-0.0196489826,0.0005132461,0.0305821167,0.0090731191,0.0197238623
2022-07-27,IS,-0.0082738712,1.2199849083,-0.0081770931,0.0422597411,-0.0087960610,-0.0177140613,0.0127072598,-0.0084736909
2022-07-28,IS,0.0097790040,1.2319151456,0.0099042588,0.0097780385,0.0129993264,0.0186294610,0.0009551506,0.0097799696
2022-07-29,IS,0.0182387672,1.2543837591,0.0186530208,0.0182369840,0.0146551724,0.0111992916,0.0097234537,0.0182405507
2022-08-01,IS,-0.0006023529,1.2536281774,-0.0006272697,-0.0006022951,-0.0029372497,-0.0009144707,-0.0094074925,-0.0006024107
2022-08-02,IS,-0.0029818578,1.2498900364,-0.0031033344,-0.0029815714,-0.0058451624,0.0016611141,0.0000000000,-0.0029821444
2022-08-03,IS,0.0272351508,1.2839309800,0.0282601519,0.0272325263,0.0004434192,0.0320503325,0.0118979657,0.0272377758
2022-08-04,IS,0.0046769540,1.2899358661,0.0049851436,0.0046765152,0.0000241413,0.0017708242,-0.0092838310,0.0046773928
2022-08-05,IS,-0.0120604726,1.2743786299,-0.0128095081,-0.0081689273,-0.0067138939,0.0018986342,0.0000000000,-0.0121604213
2022-08-08,IS,-0.0128592957,1.2579910183,-0.0126605617,-0.0032323232,-0.0076590765,0.0000653461,-0.0128592957,-0.0130580296
2022-08-09,IS,0.0035137385,1.2624112698,0.0036137385,-0.0113186368,0.0000000000,-0.0074188629,0.0034140999,0.0034137385
2022-08-10,IS,-0.0218280113,1.2348553423,-0.0217086120,0.0279109373,0.0034384689,0.0012080000,-0.0004147025,-0.0220294027
2022-08-11,IS,-0.0036897379,1.2302990497,-0.0035889571,-0.0056760654,0.0017582826,-0.0071981846,-0.0069346735,-0.0037897680
2022-08-12,IS,0.0000000000,1.2302990497,0.0000000000,0.0194705011,0.0041803038,0.0000000000,0.0000000000,0.0000000000
2022-08-15,IS,0.0109497238,1.2437704845,0.0110497238,0.0080813584,0.0043798272,0.0001783937,-0.0019306980,0.0108497238
2022-08-16,IS,-0.0023421520,1.2408573849,-0.0023677979,-0.0023419204,0.0018189133,-0.0107280140,-0.0084265520,-0.0023423837
2022-08-17,IS,-0.0105775496,1.2277321544,-0.0104675054,-0.0114060431,-0.0170273917,0.0001544842,0.0003194326,-0.0107765027
2022-08-18,IS,-0.0025243422,1.2246329383,-0.0025254008,0.0025267131,0.0000000000,0.0008377424,0.0000000000,-0.0025245945
2022-08-19,IS,0.0196970115,1.2487545474,0.0196555292,-0.0196161788,0.0042633105,0.0221172030,0.0060485876,0.0196989856
2022-08-22,IS,0.0254164915,1.2804935068,0.0258625385,-0.0263272006,0.0203617869,0.0259537419,0.0116206211,0.0254189896
2022-08-23,IS,-0.0071492389,1.2713389529,-0.0073632168,-0.0008270772,0.0026239011,-0.0094237173,-0.0062958355,-0.0072423079
2022-08-24,IS,0.0000000000,1.2713389529,0.0000000000,0.0028971665,-0.0041124351,-0.0073955875,0.0000000000,0.0000000000
2022-08-25,IS,0.0088381255,1.2825752061,0.0089381255,0.0176819783,0.0071766571,-0.0087100245,0.0087372317,0.0087381255
2022-08-26,IS,0.0029855328,1.2864043765,0.0032882853,-0.0409882089,-0.0009698650,0.0170672673,0.0164656677,0.0027852039
2022-08-29,IS,0.0095334363,1.2986682307,0.0096913482,-0.0098555816,0.0065320563,0.0141926595,0.0062305666,0.0095343742
2022-08-30,IS,0.0105653973,1.3123891765,0.0108427955,-0.0111362964,0.0099603290,0.0019518883,0.0056206071,0.0105664269
2022-08-31,IS,-0.0099936334,1.2992736401,-0.0102670718,-0.0058135672,-0.0045590164,-0.0137932933,0.0000000000,-0.0100884323
2022-09-01,IS,-0.0040691842,1.2939866563,-0.0038687973,0.0004343903,-0.0006810261,0.0012766793,-0.0040691842,-0.0042695711
2022-09-02,IS,0.0000000000,1.2939866563,0.0000000000,-0.0141282565,-0.0112517165,-0.0136911396,0.0000000000,0.0000000000
2022-09-06,IS,-0.0117541207,1.2787769810,-0.0115529654,-0.0071823017,-0.0098324002,0.0000000000,-0.0117541207,-0.0119552760
2022-09-07,IS,0.0026502935,1.2821661153,0.0027502935,0.0202013308,0.0018648345,0.0027125166,0.0025500184,0.0025502935
2022-09-08,IS,0.0051849837,1.2888141258,0.0051987255,0.0051844667,0.0066378306,0.0134473970,-0.0113566247,0.0051855009
2022-09-09,IS,0.0217311590,1.3168215505,0.0219017273,0.0217290031,0.0152862309,0.0284486588,0.0115957030,0.0217333154
2022-09-12,IS,0.0120187538,1.3326481045,0.0123763206,0.0120175867,0.0108738357,0.0126954909,0.0043902560,0.0120199210
2022-09-13,IS,-0.0155588207,1.3119136716,-0.0161670253,-0.0548368411,-0.0093504666,-0.0252814732,0.0162692014,-0.0157572065
2022-09-14,IS,-0.0076769705,1.3018421490,-0.0078026238,0.0079332652,-0.0033396814,-0.0004904650,0.0000000000,-0.0076777259
2022-09-15,IS,0.0163692130,1.3231522805,0.0165094142,-0.0166537175,0.0111441755,0.0317206192,-0.0128121110,0.0163708362
2022-09-16,IS,0.0058149955,1.3308464050,0.0059608027,-0.0061147372,0.0114383864,0.0173600858,-0.0103965503,0.0058155628
2022-09-19,IS,-0.0043817120,1.3250150194,-0.0044203705,0.0059795382,-0.0034914468,-0.0027498587,0.0000000000,-0.0044765450
2022-09-20,IS,0.0000000000,1.3250150194,0.0000000000,-0.0079711390,-0.0073715722,-0.0018327461,0.0000000000,0.0000000000
2022-09-21,IS,-0.0576554016,1.2486207463,-0.0580114757,-0.0179060021,-0.0154908961,-0.0502534978,-0.0577489199,-0.0583251614
2022-09-22,IS,0.0044509403,1.2541782827,0.0045668517,-0.0123078008,0.0010442251,0.0152506720,-0.0047559399,0.0043525889
2022-09-23,IS,0.0028674664,1.2577745969,0.0029674664,-0.0162816439,0.0023389583,0.0146451020,0.0027677632,0.0027674664
2022-09-26,IS,-0.0046011289,1.2519874138,-0.0045141678,-0.0041377808,-0.0024789556,-0.0098734725,0.0000000000,-0.0047014660
2022-09-27,IS,0.0000000000,1.2519874138,0.0000000000,0.0004009185,-0.0021962048,0.0000000000,0.0000000000,0.0000000000
2022-09-28,IS,-0.0029318521,1.2483167719,-0.0028318521,0.0198921597,-0.0095457670,0.0036893859,-0.0030315689,-0.0030318521
2022-09-29,IS,-0.0285528830,1.2126737291,-0.0283770092,-0.0288276059,-0.0257653000,-0.0215862540,-0.0038921771,-0.0287500453
2022-09-30,IS,-0.0063828117,1.2049334610,-0.0062576144,-0.0169566337,0.0023264766,0.0000000000,0.0000000000,-0.0064848420
2022-10-03,IS,-0.0103470733,1.1924659262,-0.0101460586,0.0234603008,-0.0169442395,-0.0146903581,0.0000000000,-0.0105480879
2022-10-04,IS,0.0070395424,1.2008603406,0.0071395424,0.0314407926,0.0305284504,0.0376216945,0.0069388284,0.0069395424
2022-10-05,IS,-0.0195187088,1.1774210973,-0.0194940067,-0.0005316698,-0.0155020660,-0.0124742001,-0.0047183648,-0.0197167592
2022-10-06,IS,-0.0072994601,1.1688265590,-0.0071669138,-0.0078728988,-0.0027772809,-0.0029473611,0.0000000000,-0.0073994935
2022-10-07,IS,0.0154838455,1.1869244888,0.0155838455,-0.0381040892,0.0111840361,-0.0111349438,0.0153854039,0.0153838455
2022-10-10,IS,0.0096904578,1.1984263305,0.0098405034,-0.0099962839,0.0067386660,0.0274985172,0.0047969926,0.0096914122
2022-10-11,IS,0.0130582461,1.2140756765,0.0133889377,-0.0137382230,-0.0064425839,0.0160870013,-0.0139605709,0.0130595198
2022-10-12,IS,0.0003169654,1.2144604964,0.0003292362,-0.0003425309,0.0000000000,-0.0005434430,0.0000000000,0.0003169959
2022-10-13,IS,-0.0079092593,1.2048550134,-0.0081211589,0.0234523719,-0.0158370512,-0.0123609891,-0.0163426523,-0.0080032865
2022-10-14,IS,0.0000000000,1.2048550134,0.0000000000,-0.0300572874,-0.0104039373,-0.0248850877,0.0000000000,0.0000000000
2022-10-17,IS,0.0000000000,1.2048550134,0.0000000000,0.0330214006,0.0000000000,-0.0075872166,0.0000000000,0.0000000000
2022-10-18,IS,-0.0110822783,1.1915024749,-0.0108833666,0.0079079265,-0.0127345638,0.0171961261,-0.0110822783,-0.0112811899
2022-10-19,IS,0.0000000000,1.1915024749,0.0000000000,-0.0036466775,0.0000000000,-0.0166325759,0.0000000000,0.0000000000
2022-10-20,IS,0.0000000000,1.1915024749,0.0000000000,-0.0051018522,-0.0011683761,0.0000000000,0.0000000000,0.0000000000
2022-10-21,IS,0.0013908007,1.1931596173,0.0014908007,0.0234848203,-0.0088628526,0.0000000000,0.0012906516,0.0012908007
2022-10-24,IS,0.0109657684,1.2062435293,0.0109810196,0.0109646734,0.0123459222,0.0021801298,0.0038381062,0.0109668635
2022-10-25,IS,0.0206879833,1.2311982754,0.0209439314,0.0206859400,0.0152837944,0.0248220795,0.0129528269,0.0206900271
2022-10-26,IS,-0.0208240551,1.2055597346,-0.0214166242,-0.0220963372,-0.0149674645,-0.0273425779,0.0000000000,-0.0209240171
2022-10-27,IS,0.0143472135,1.2228561575,0.0144472135,-0.0182060231,0.0003208644,0.0000000000,0.0142486582,0.0142472135
2022-10-28,IS,-0.0111796246,1.2091850848,-0.0111423575,0.0306006523,-0.0074360541,0.0004316885,0.0010460035,-0.0113781038
2022-10-31,IS,-0.0094165581,1.1977987231,-0.0093281589,-0.0116279070,-0.0066858459,-0.0117117917,0.0000000000,-0.0095165870
2022-11-01,IS,0.0000090354,1.1978095457,0.0001090354,-0.0102176650,-0.0071183802,-0.0169215356,-0.0000909537,-0.0000909646
2022-11-02,IS,0.0145827068,1.2152768512,0.0148710516,-0.0342771982,0.0088584077,0.0457055142,0.0121075085,0.0143803301
2022-11-03,IS,0.0187952969,1.2381183404,0.0191569467,-0.0195347787,0.0096581595,0.0228103598,0.0061707926,0.0187971412
2022-11-04,IS,-0.0148939169,1.2196779088,-0.0154658202,0.0160850704,-0.0170485312,0.0137620949,-0.0138120343,-0.0148953513
2022-11-07,IS,-0.0072560889,1.2108278175,-0.0072468399,0.0109944083,0.0007959865,-0.0090114109,0.0015593329,-0.0074526171
2022-11-08,IS,-0.0063408998,1.2031500796,-0.0062518718,0.0072872678,-0.0045232739,-0.0123709978,-0.0135557435,-0.0064409287
2022-11-09,IS,0.0009622155,1.2043077692,0.0010622155,-0.0230763523,0.0054285331,0.0000000000,0.0008623217,0.0008622155
2022-11-10,IS,-0.0169376420,1.1839096353,-0.0155250571,0.0737885463,-0.0141326198,0.0266289846,0.0282781646,-0.0171449143
2022-11-11,IS,0.0184279633,1.2057266787,0.0189509676,0.0184261715,0.0096294849,0.0256043830,0.0113560860,0.0184297554
2022-11-14,IS,-0.0087520510,1.1951740972,-0.0091663029,-0.0087512154,-0.0076301138,-0.0188649456,-0.0119529403,-0.0087528868
2022-11-15,IS,0.0138396177,1.2117148498,0.0143678161,0.0138382848,0.0021501585,-0.0040471310,-0.0135557435,0.0138409509
2022-11-16,IS,-0.0182706069,1.1895760842,-0.0189429571,-0.0136494005,0.0000000000,-0.0112759404,-0.0024474157,-0.0184687154
2022-11-17,IS,0.0022172830,1.1922137111,0.0022120787,-0.0022071188,-0.0078425461,0.0001420233,-0.0118329816,0.0022175053
2022-11-18,IS,-0.0000351171,1.1921718440,-0.0000351124,0.0000351111,0.0000000000,0.0044836681,0.0000000000,-0.0000351206
2022-11-21,IS,0.0102896729,1.2044389023,0.0102879213,-0.0102871989,0.0000000000,0.0120669985,-0.0025827146,0.0102907022
2022-11-22,IS,-0.0055559565,1.1977470922,-0.0055126404,0.0144027812,0.0053067647,-0.0043761326,-0.0067376492,-0.0056550489
2022-11-23,IS,0.0098660804,1.2095641613,0.0099660804,0.0100367197,0.0064038385,0.0146635690,0.0062460222,0.0097660804
2022-11-25,IS,-0.0065791432,1.2016062654,-0.0066440536,-0.0065784918,0.0000497116,-0.0023212505,0.0000000000,-0.0065797948
2022-11-28,IS,-0.0049890135,1.1956114355,-0.0047843882,-0.0146730796,-0.0003235517,-0.0059400986,0.0037113206,-0.0051885351
2022-11-29,IS,0.0075113649,1.2045921092,0.0075399901,-0.0075695943,0.0018997616,0.0077787824,-0.0007656541,0.0075121132
2022-11-30,IS,0.0111385520,1.2180095210,0.0115259389,0.0455857718,0.0117391106,0.0192701506,0.0249940556,0.0109369492
2022-12-01,IS,0.0012272809,1.2195043608,0.0012580814,0.0012271612,-0.0001718297,0.0111096023,-0.0114317813,0.0012274006
2022-12-02,IS,-0.0146376272,1.2016537106,-0.0149222436,-0.0039833855,-0.0110242560,-0.0207157023,0.0000000000,-0.0147376189
2022-12-05,IS,0.0018084632,1.2038268571,0.0019084632,-0.0167834558,0.0028430838,0.0159635906,0.0017086540,0.0017084632
2022-12-06,IS,0.0206434679,1.2286780182,0.0206808009,-0.0207203449,0.0148229243,0.0164276035,0.0135613984,0.0206455287
2022-12-07,IS,0.0039026551,1.2334731248,0.0039904230,-0.0040826470,0.0015684740,0.0048777506,-0.0037777913,0.0039030369
2022-12-08,IS,-0.0108481529,1.2200922197,-0.0108798565,0.0118347414,-0.0074865878,-0.0194349768,-0.0032028082,-0.0110434319
2022-12-09,IS,-0.0036229986,1.2156718273,-0.0035124076,-0.0063766074,0.0000000000,-0.0029822978,-0.0088560809,-0.0037230297
2022-12-12,IS,0.0000000000,1.2156718273,0.0000000000,0.0125514111,0.0019347669,0.0095737212,0.0000000000,0.0000000000
2022-12-13,IS,-0.0120915062,1.2009725239,-0.0118926955,0.0107500525,0.0075717652,0.0162731840,-0.0120915062,-0.0122903169
2022-12-14,IS,0.0000000000,1.2009725239,0.0000000000,-0.0074138230,-0.0039565910,-0.0021498409,0.0000000000,0.0000000000
2022-12-15,IS,0.0163114952,1.2205621814,0.0164114952,-0.0335764895,0.0105888060,-0.0036338073,0.0162131363,0.0162114952
2022-12-16,IS,0.0092274832,1.2318248984,0.0093779972,-0.0095344722,0.0138970518,0.0073579824,0.0021284368,0.0092283912
2022-12-19,IS,0.0155848555,1.2510227115,0.0159852225,-0.0164083865,0.0022365099,0.0141985442,0.0073065455,0.0155863751
2022-12-20,IS,0.0007161324,1.2519186094,0.0007459771,-0.0007784986,-0.0010215791,-0.0072064044,-0.0078306392,0.0007162012
2022-12-21,IS,-0.0048878450,1.2457994253,-0.0048890251,0.0147102471,-0.0047815905,0.0005745933,-0.0003644873,-0.0050801060
2022-12-22,IS,-0.0196348126,1.2213383870,-0.0194449682,-0.0246613407,-0.0170208335,-0.0261289604,-0.0008002101,-0.0198328681
2022-12-23,IS,0.0047424540,1.2271305280,0.0048387097,0.0022492128,0.0000000000,0.0000000000,0.0000000000,0.0046432727
2022-12-27,IS,0.0000000000,1.2271305280,0.0000000000,-0.0141382406,0.0000000000,0.0000000000,0.0000000000,0.0000000000
2022-12-28,IS,0.0048351544,1.2330638936,0.0049351544,-0.0132028227,0.0054954392,-0.0087819374,0.0047356479,0.0047351544
2022-12-29,IS,-0.0166223814,1.2125674352,-0.0164972699,0.0243752403,-0.0119004235,-0.0084260172,0.0002505407,-0.0168231234
2022-12-30,IS,-0.0095955808,1.2009321464,-0.0094998498,-0.0006005104,-0.0065952105,-0.0088603988,0.0000000000,-0.0096956104
2023-01-03,IS,-0.0130554325,1.1852534578,-0.0128567182,-0.0067598017,-0.0093350619,-0.0143242598,-0.0130554325,-0.0132541468
2023-01-04,IS,0.0000000000,1.1852534578,0.0000000000,0.0047640653,0.0000000000,0.0000000000,0.0000000000,0.0000000000
2023-01-05,IS,0.0000000000,1.1852534578,0.0000000000,-0.0156543990,0.0000000000,0.0081546665,0.0000000000,0.0000000000
2023-01-06,IS,-0.0053646084,1.1788950371,-0.0050148181,0.0276014986,0.0040681769,-0.0155929219,-0.0054640819,-0.0056655362
2023-01-09,IS,0.0098702233,1.1905309943,0.0100192534,0.0064732143,0.0026831379,-0.0089596698,-0.0016710902,0.0097701885
2023-01-10,IS,0.0000000000,1.1905309943,0.0000000000,0.0084645524,0.0000000000,0.0000000000,0.0000000000,0.0000000000
2023-01-11,IS,0.0075238882,1.1994884164,0.0076238882,0.0173001503,0.0036179438,0.0000000000,0.0074231258,0.0074238882
2023-01-12,IS,0.0054049680,1.2059716130,0.0054456344,0.0054044316,0.0038183324,-0.0155925761,-0.0009519122,0.0054055046
2023-01-13,IS,0.0068811666,1.2142701046,0.0069704121,0.0068804874,-0.0083159186,0.0017584950,0.0007261302,0.0068818460
2023-01-17,IS,0.0020288852,1.2167337193,0.0020693411,0.0020286863,-0.0018066842,0.0033837525,-0.0088750332,0.0020290842
2023-01-18,IS,-0.0048459493,1.2108374894,-0.0047661488,-0.0129999290,0.0028224471,-0.0060287342,-0.0057573668,-0.0050454723
2023-01-19,IS,0.0098049010,1.2227096312,0.0098141424,-0.0098243846,0.0071239674,0.0075303112,0.0021208383,0.0098058807
2023-01-20,IS,-0.0027923583,1.2192953877,-0.0026172729,0.0273668908,-0.0038687523,-0.0008423218,0.0084339756,-0.0029921755
2023-01-23,IS,0.0222181360,1.2463858585,0.0224077642,0.0222159332,0.0121565773,0.0235707087,0.0160107930,0.0222203392
2023-01-24,IS,-0.0020420031,1.2438407346,-0.0021051880,-0.0020418051,-0.0010487400,-0.0097568880,0.0000000000,-0.0020422012
2023-01-25,IS,-0.0268686231,1.2104204467,-0.0272536436,-0.0022193709,-0.0173108671,-0.0112552893,-0.0087575750,-0.0271648913
2023-01-26,IS,0.0075257214,1.2195297338,0.0076257214,0.0194974455,-0.0059240022,0.0094364748,0.0074249588,0.0074257214
2023-01-27,IS,0.0099553072,1.2316705269,0.0100302281,0.0099543192,0.0049662075,0.0049869204,0.0078291392,0.0099562954
2023-01-30,IS,-0.0114071795,1.2176206402,-0.0114048782,-0.0202187268,-0.0034433635,-0.0087757969,-0.0004067675,-0.0116060388
2023-01-31,IS,-0.0074770222,1.2085164636,-0.0073739706,0.0149860475,-0.0068385897,0.0000000000,0.0000000000,-0.0075785693
2023-02-01,IS,0.0185175614,1.2308952415,0.0186175614,0.0213834770,0.0050384947,0.0217896395,0.0184156997,0.0184175614
2023-02-02,IS,0.0358934613,1.2750763321,0.0365581206,0.0358899375,0.0144373875,0.0250040312,0.0112528278,0.0358969857
2023-02-03,IS,-0.0132848501,1.2581371342,-0.0139123959,-0.0177723598,-0.0104639381,-0.0186685512,0.0000000000,-0.0133848095
2023-02-06,IS,-0.0024441627,1.2550620424,-0.0023441627,-0.0084590764,-0.0095176955,0.0036864185,-0.0025443971,-0.0025441627
2023-02-07,IS,-0.0059592828,1.2475827727,-0.0058438986,0.0207187325,-0.0039774971,-0.0052140344,0.0000000000,-0.0060609562
2023-02-08,IS,0.0000000000,1.2475827727,0.0000000000,-0.0177810765,0.0000000000,-0.0079370033,0.0000000000,0.0000000000
2023-02-09,IS,0.0005558941,1.2482762966,0.0006558941,-0.0088379275,0.0010532044,-0.0029009687,0.0004559597,0.0004558941
2023-02-10,IS,0.0065552970,1.2564591184,0.0065589410,-0.0065632458,-0.0022549614,-0.0007622518,-0.0012355423,0.0065559522
2023-02-13,IS,-0.0057835314,1.2491923477,-0.0057248292,0.0160160160,-0.0030484273,-0.0075165775,0.0000000000,-0.0058832611
2023-02-14,IS,-0.0082481432,1.2388888304,-0.0080489481,0.0073891626,-0.0063451910,-0.0102711345,-0.0082481432,-0.0084473383
2023-02-15,IS,0.0038951928,1.2437145412,0.0039951928,0.0076609617,0.0000000000,0.0037590165,0.0037947933,0.0037951928
2023-02-16,IS,-0.0134937283,1.2269321950,-0.0134472342,-0.0187641540,0.0000000000,-0.0208140438,0.0000000000,-0.0135937529
2023-02-17,IS,-0.0034649842,1.2226808944,-0.0033649842,-0.0070557204,-0.0046630565,-0.0052118237,-0.0035653207,-0.0035649842
2023-02-21,IS,0.0238373854,1.2518264101,0.0237547893,-0.0236751229,0.0202954131,0.0247829366,0.0076293639,0.0238397777
2023-02-22,IS,-0.0007183908,1.2509271095,-0.0007329668,0.0007482230,-0.0070292204,-0.0153162304,-0.0071591159,-0.0007184613
2023-02-23,IS,-0.0093448407,1.2392373950,-0.0094286190,0.0087340697,-0.0126583780,0.0000000000,0.0000000000,-0.0094428455
2023-02-24,IS,-0.0011976572,1.2377532134,-0.0010976572,-0.0167441547,-0.0052410309,-0.0004874802,-0.0012977670,-0.0012976572
2023-02-27,IS,-0.0100263257,1.2253430966,-0.0099132165,0.0071612130,0.0000000000,-0.0071763458,0.0000000000,-0.0101285621
2023-02-28,IS,0.0000000000,1.2253430966,0.0000000000,-0.0012927808,0.0000000000,0.0000000000,0.0000000000,0.0000000000
2023-03-01,IS,-0.0069844249,1.2167847797,-0.0067837466,-0.0080392424,-0.0011904019,-0.0025545606,-0.0069844249,-0.0071851033
2023-03-02,IS,-0.0063245442,1.2090891707,-0.0061239318,0.0082760989,-0.0035533970,-0.0073964030,-0.0063245442,-0.0065251566
2023-03-03,IS,0.0134624176,1.2253664339,0.0135624176,0.0206736828,0.0114647450,0.0184921511,0.0133610613,0.0133624176
2023-03-06,IS,0.0029365584,1.2289647941,0.0030777556,0.0011345435,0.0009393099,-0.0007512044,-0.0034162853,0.0028365247
2023-03-07,IS,-0.0009781410,1.2277626932,-0.0008781410,-0.0122658489,0.0042991202,0.0006745234,-0.0010782289,-0.0010781410
2023-03-08,IS,-0.0063890513,1.2199184543,-0.0062820859,0.0049942633,-0.0014683923,-0.0023071855,0.0000000000,-0.0064905157
2023-03-09,IS,0.0072601737,1.2287752741,0.0073601737,-0.0173259016,0.0085764914,0.0093204787,0.0071609097,0.0071601737
2023-03-10,IS,0.0138397577,1.2457812262,0.0139402367,-0.0140436001,0.0138314188,0.0261412373,-0.0094347172,0.0138411318
2023-03-13,IS,-0.0163389649,1.2254264504,-0.0165858291,0.0074163923,-0.0089451140,-0.0125524282,-0.0140985438,-0.0164380369
2023-03-14,IS,-0.0073658035,1.2164002000,-0.0071665202,0.0229798067,0.0000000000,-0.0126761200,-0.0073658035,-0.0075650869
2023-03-15,IS,0.0029534863,1.2199928213,0.0030534863,0.0052459898,-0.0113949550,0.0000000000,0.0028531810,0.0028534863
2023-03-16,IS,0.0263633148,1.2521558761,0.0264411784,0.0263606864,0.0062527558,0.0201566861,0.0236238262,0.0263659436
2023-03-17,IS,-0.0103343274,1.2392156873,-0.0105362056,-0.0047260520,-0.0122705449,-0.0076858211,0.0000000000,-0.0104343272
2023-03-20,IS,0.0000000000,1.2392156873,0.0000000000,0.0019976421,0.0000000000,0.0000000000,0.0000000000,0.0000000000
2023-03-21,IS,0.0028408913,1.2427361644,0.0029408913,0.0142824460,0.0033718728,0.0058735731,0.0027405972,0.0027408913
2023-03-22,IS,-0.0135993452,1.2258357663,-0.0136379795,-0.0135979893,-0.0169249178,-0.0202756915,-0.0064395505,-0.0136007015
2023-03-23,IS,0.0123134360,1.2409300165,0.0122806451,0.0118580949,-0.0064268132,0.0119835890,0.0000000000,0.0122134191
2023-03-24,IS,0.0000000000,1.2409300165,0.0000000000,0.0036803874,-0.0027485724,0.0000000000,0.0000000000,0.0000000000
2023-03-27,IS,0.0000000000,1.2409300165,0.0000000000,-0.0068512979,0.0000000000,0.0000000000,0.0000000000,0.0000000000
2023-03-28,IS,-0.0028121418,1.2374403453,-0.0027121418,-0.0053115689,0.0000000000,0.0000000000,-0.0029124130,-0.0029121418
2023-03-29,IS,-0.0102479533,1.2247591145,-0.0099843457,0.0182339151,0.0035266320,0.0014958925,0.0020914008,-0.0104499677
2023-03-30,IS,0.0094662809,1.2363530283,0.0094870275,0.0094653364,0.0061062231,0.0067057035,0.0026907107,0.0094672255
2023-03-31,IS,0.0166324092,1.2569165578,0.0168266534,0.0166307653,0.0140457782,0.0248611414,0.0125156737,0.0166340534
2023-04-03,IS,-0.0091050637,1.2454722525,-0.0092626721,-0.0024304365,0.0036399168,-0.0110959314,0.0000000000,-0.0092050678
2023-04-04,IS,-0.0057384055,1.2383252276,-0.0055389594,-0.0033734187,-0.0080341784,0.0000000000,-0.0057384055,-0.0059378516
2023-04-05,IS,0.0043441643,1.2437047159,0.0044441643,-0.0100604883,-0.0025097571,0.0016047525,0.0042446087,0.0042441643
2023-04-06,IS,-0.0028610668,1.2401463936,-0.0027736628,0.0069334515,-0.0012345630,0.0002448025,-0.0055128069,-0.0029607627
2023-04-10,IS,0.0000000000,1.2401463936,0.0000000000,-0.0005659488,0.0000000000,0.0000000000,0.0000000000,0.0000000000
2023-04-11,IS,0.0000000000,1.2401463936,0.0000000000,-0.0064177179,-0.0014162385,0.0000000000,0.0000000000,0.0000000000
2023-04-12,IS,0.0010542635,1.2414538346,0.0011542635,-0.0089658994,-0.0012878912,-0.0064646447,0.0009543789,0.0009542635
2023-04-13,IS,-0.0061953850,1.2337625502,-0.0059872649,0.0200643262,-0.0030191452,0.0026484367,0.0018662048,-0.0063961674
2023-04-14,IS,-0.0079877953,1.2239075074,-0.0079040864,-0.0022187533,-0.0057231493,-0.0101412457,-0.0068908039,-0.0080878236
2023-04-17,IS,0.0000000000,1.2239075074,0.0000000000,0.0008475374,0.0000000000,0.0000000000,0.0000000000,0.0000000000
2023-04-18,IS,-0.0072129213,1.2150795590,-0.0070136226,0.0000627274,-0.0046295558,-0.0080499427,-0.0072129213,-0.0074122199
2023-04-19,IS,0.0000000000,1.2150795590,0.0000000000,-0.0004704259,0.0000000000,0.0000000000,0.0000000000,0.0000000000
2023-04-20,IS,-0.0039404164,1.2102916395,-0.0038404164,-0.0076244862,-0.0068027719,-0.0020345564,-0.0040408005,-0.0040404164
2023-04-21,IS,-0.0020447124,1.2078169412,-0.0019360777,0.0010433793,-0.0004425603,-0.0028417657,-0.0054484495,-0.0021459033
2023-04-24,IS,-0.0052954079,1.2014210579,-0.0050948984,-0.0020845836,0.0000000000,-0.0024810372,-0.0052954079,-0.0054959174
2023-04-25,IS,0.0109226675,1.2145437806,0.0110226675,-0.0188637443,0.0085886486,0.0300971471,0.0108237697,0.0108226675
2023-04-26,IS,-0.0128488663,1.1989382699,-0.0128890236,0.0058066389,-0.0037766253,-0.0115521665,0.0000000000,-0.0129492514
2023-04-27,IS,0.0117126402,1.2129810024,0.0118126402,0.0274543763,-0.0001784360,0.0022774316,0.0116114589,0.0116126402
2023-04-28,IS,0.0068993864,1.2213498271,0.0069801965,0.0068987045,0.0084875434,-0.0154633567,0.0039711786,0.0069000684
2023-05-01,IS,-0.0011471860,1.2199487116,-0.0011686302,-0.0011470734,-0.0009137492,-0.0060935645,-0.0025530701,-0.0011472986
2023-05-02,IS,-0.0058377288,1.2128269819,-0.0057249496,-0.0087215618,-0.0035183197,0.0005536053,-0.0011873584,-0.0060371559
2023-05-03,IS,-0.0038029093,1.2082147109,-0.0036983060,-0.0065439289,-0.0020706139,0.0098256843,0.0000000000,-0.0039038780
2023-05-04,IS,-0.0006696383,1.2074056441,-0.0005696383,-0.0035298938,0.0000604166,0.0043056450,-0.0007696952,-0.0007696383
2023-05-05,IS,-0.0092966246,1.1961808471,-0.0090879147,0.0212543885,-0.0126129672,-0.0113641707,0.0000477990,-0.0094976985
2023-05-08,IS,0.0024778717,1.1991448298,0.0024782380,0.0024776240,0.0000000000,0.0038205528,-0.0008637085,0.0024781195
2023-05-09,IS,-0.0066185908,1.1912081809,-0.0065363527,-0.0063332201,0.0000000000,0.0031603491,0.0000000000,-0.0067186189
2023-05-10,IS,-0.0063767748,1.1836121145,-0.0061773926,0.0108817311,-0.0045452644,0.0141598296,-0.0063767748,-0.0065761571
2023-05-11,IS,-0.0008658141,1.1825873265,-0.0007658141,0.0032601341,0.0000000000,-0.0081815733,-0.0009657375,-0.0009658141
2023-05-12,IS,-0.0050969448,1.1765597442,-0.0049931077,-0.0035867566,0.0000000000,-0.0055455493,-0.0049118911,-0.0051969752
2023-05-15,IS,0.0000000000,1.1765597442,0.0000000000,0.0054148848,0.0000000000,0.0059288054,0.0000000000,0.0000000000
2023-05-16,IS,-0.0014431013,1.1748618492,-0.0013431013,0.0011322256,0.0000000000,-0.0029964015,-0.0015429670,-0.0015431013
2023-05-17,IS,0.0073604264,1.1835093334,0.0075427302,0.0121041692,0.0030412347,0.0205369472,0.0040456023,0.0071596719
2023-05-18,IS,0.0185751766,1.2054932282,0.0186521897,0.0185733269,0.0098287529,0.0240829594,0.0135042590,0.0185770266
2023-05-19,IS,-0.0022536078,1.2027765192,-0.0023049860,-0.0022533875,-0.0015267590,-0.0005112306,-0.0044623250,-0.0022538282
2023-05-22,IS,0.0033583273,1.2068158365,0.0034271503,0.0033579983,0.0004778417,0.0062338104,-0.0019442007,0.0033586565
2023-05-23,IS,0.0004858096,1.2074021192,0.0006104581,-0.0126762232,0.0036440261,-0.0000833404,0.0043839845,0.0002857489
2023-05-24,IS,0.0029630718,1.2109797383,0.0030755909,-0.0051295896,0.0050404670,0.0011121607,-0.0020689874,0.0028645658
2023-05-25,IS,-0.0000411245,1.2109299374,0.0000588755,0.0243328810,0.0000000000,0.0015753543,-0.0001411304,-0.0001411245
2023-05-26,IS,0.0255530085,1.2418728403,0.0255519576,0.0255504533,0.0067800192,0.0234547918,0.0175891122,0.0255555641
2023-05-30,IS,0.0045354594,1.2475053042,0.0046511628,0.0045350172,-0.0015285124,0.0075153807,-0.0065157541,0.0045359017
2023-05-31,IS,-0.0050145618,1.2412496117,-0.0050632911,-0.0056860392,-0.0047044680,0.0066612044,0.0000000000,-0.0051145765
2023-06-01,IS,-0.0000573858,1.2411783817,0.0000426142,0.0115520561,0.0011105101,0.0001829620,-0.0001573900,-0.0001573858
2023-06-02,IS,0.0075005370,1.2504878860,0.0075001065,0.0074997869,0.0144625891,0.0064634754,-0.0086148189,0.0075012871
2023-06-05,IS,0.0007049903,1.2513694679,0.0007102374,0.0007049203,-0.0021564658,-0.0045870921,-0.0037094061,0.0007050603
2023-06-06,IS,-0.0038193644,1.2465900318,-0.0037500533,-0.0001690617,0.0000000000,0.0021967216,0.0000000000,-0.0039193912
2023-06-07,IS,0.0104800596,1.2596543696,0.0105800596,-0.0169653929,0.0000000000,0.0066026308,0.0103811176,0.0103800596
2023-06-08,IS,-0.0090814027,1.2482149410,-0.0090767267,0.0124132791,0.0000000000,-0.0127745765,0.0000000000,-0.0091811254
2023-06-09,IS,-0.0056298279,1.2411877057,-0.0054303709,0.0038227382,-0.0035665885,0.0000000000,-0.0056298279,-0.0058292848
2023-06-12,IS,0.0073336976,1.2502902010,0.0074336976,0.0168970381,0.0028594007,0.0048833854,0.0072329542,0.0072336976
2023-06-13,IS,0.0076847485,1.2598983667,0.0077411061,0.0076839857,0.0065935574,0.0066561603,-0.0072229301,0.0076855114
2023-06-14,IS,-0.0034309524,1.2555757154,-0.0033814940,0.0072675219,-0.0041764042,0.0061125642,-0.0067028346,-0.0035309770
2023-06-15,IS,0.0087828338,1.2666032282,0.0088828338,0.0119158240,0.0078028879,0.0203585249,0.0086819455,0.0086828338
2023-06-16,IS,-0.0039351494,1.2616189553,-0.0038692098,-0.0062928753,-0.0056361032,-0.0083854383,0.0000000000,-0.0040351758
2023-06-20,IS,0.0000000000,1.2616189553,0.0000000000,-0.0027994455,-0.0045652424,-0.0063120047,0.0000000000,0.0000000000
2023-06-21,IS,0.0048080935,1.2676849372,0.0049080935,-0.0136276915,0.0000000000,0.0187173544,0.0047085844,0.0047080935
2023-06-22,IS,-0.0091029361,1.2561452822,-0.0090462901,0.0117988395,-0.0040458299,-0.0053444790,0.0000000000,-0.0092037854
2023-06-23,IS,0.0000000000,1.2561452822,0.0000000000,-0.0098588088,-0.0002384882,0.0081904932,0.0000000000,0.0000000000
2023-06-26,IS,0.0050729892,1.2625176937,0.0051729892,-0.0134046778,0.0043172443,-0.0082619518,0.0049735065,0.0049729892
2023-06-27,IS,-0.0116944538,1.2477532389,-0.0116531316,0.0171372659,-0.0022563101,-0.0043420392,0.0000000000,-0.0117957674
2023-06-28,IS,-0.0063801559,1.2397923787,-0.0061807740,0.0019514608,0.0004815117,0.0051435488,-0.0063801559,-0.0065795378
2023-06-29,IS,0.0000000000,1.2397923787,0.0000000000,-0.0020025237,0.0039648300,-0.0001462065,0.0000000000,0.0000000000
2023-06-30,IS,0.0019479297,1.2422074071,0.0020479297,0.0154201369,0.0117333788,0.0114350214,0.0018477249,0.0018479297
2023-07-03,IS,0.0023552781,1.2451331510,0.0023598660,0.0023550430,0.0013086451,-0.0061119611,-0.0008746235,0.0023555132
2023-07-05,IS,0.0000000000,1.2451331510,0.0000000000,0.0000000000,-0.0015548017,0.0000000000,-0.0044085345,0.0000000000
2023-07-06,IS,-0.0163389220,1.2247890176,-0.0161451130,-0.0076426585,-0.0133412105,-0.0041187528,-0.0049531317,-0.0166366127
2023-07-07,IS,0.0000000000,1.2247890176,0.0000000000,-0.0032384477,0.0000000000,0.0000000000,0.0000000000,0.0000000000
2023-07-10,IS,-0.0055424792,1.2180006499,-0.0053419450,0.0002457204,0.0000000000,0.0055034774,-0.0055424792,-0.0057430134
2023-07-11,IS,0.0000000000,1.2180006499,0.0000000000,0.0049404957,0.0010539767,0.0147305125,0.0000000000,0.0000000000
2023-07-12,IS,0.0012160368,1.2194817836,0.0013160368,0.0126300350,0.0079789193,0.0054758379,0.0011159052,0.0011160368
2023-07-13,IS,0.0169803987,1.2401890705,0.0170010475,0.0169787029,0.0080054571,0.0165366019,0.0062764832,0.0169820948
2023-07-14,IS,0.0002164870,1.2404575553,0.0003222947,-0.0002109983,-0.0006228924,-0.0004511173,-0.0039820283,0.0001164570
2023-07-17,IS,-0.0015354317,1.2385529175,-0.0014354317,0.0093386446,0.0034725638,0.0005004187,-0.0016352881,-0.0016354317
2023-07-18,IS,0.0003842781,1.2390288663,0.0006204368,0.0081806539,0.0073203876,0.0004610792,0.0054830274,0.0001842158
2023-07-19,IS,-0.0002333410,1.2387397500,-0.0002346439,-0.0002333178,0.0023343092,-0.0007183577,0.0000000000,-0.0002333642
2023-07-20,IS,0.0003347306,1.2391543942,0.0005323474,-0.0230519901,-0.0028914558,0.0053550926,0.0046867832,0.0001346774
2023-07-21,IS,0.0029703844,1.2428351591,0.0029846016,-0.0029992568,-0.0028989615,-0.0025693589,-0.0008660584,0.0029706801
2023-07-24,IS,-0.0015725243,1.2408807707,-0.0015847442,0.0015973165,-0.0030143281,0.0030745538,-0.0038550632,-0.0015726803
2023-07-25,IS,-0.0051868378,1.2344445233,-0.0050170274,0.0067777689,-0.0003379706,-0.0057784691,-0.0011494224,-0.0053858954
2023-07-26,IS,-0.0040072917,1.2294977441,-0.0039035712,-0.0032472675,-0.0023177918,-0.0087143421,0.0000000000,-0.0041073221
2023-07-27,IS,-0.0077941114,1.2199149018,-0.0075948709,-0.0024632499,-0.0042133755,-0.0103457194,-0.0077941114,-0.0079933519
2023-07-28,IS,0.0000000000,1.2199149018,0.0000000000,0.0182146461,-0.0073315733,0.0000000000,0.0000000000,0.0000000000
2023-07-31,IS,0.0000000000,1.2199149018,0.0000000000,0.0005215396,0.0000000000,0.0007340659,0.0000000000,0.0000000000
2023-08-01,IS,0.0000000000,1.2199149018,0.0000000000,-0.0023196414,0.0000000000,-0.0105404780,0.0000000000,0.0000000000
2023-08-02,IS,0.0090046238,1.2308997765,0.0091046238,-0.0219441469,0.0062341426,-0.0062147590,0.0089055342,0.0089046238
2023-08-03,IS,-0.0032462078,1.2269040200,-0.0031760315,-0.0016026069,0.0030487491,0.0063478314,-0.0070121588,-0.0033450593
2023-08-04,IS,-0.0082487656,1.2167835764,-0.0079558009,-0.0046817732,-0.0087830226,-0.0030039811,-0.0083481001,-0.0085471152
2023-08-07,IS,-0.0059159038,1.2095852019,-0.0058102001,0.0084668315,-0.0052530150,0.0000000000,0.0000000000,-0.0060172483
2023-08-08,IS,-0.0004961425,1.2089850753,-0.0002961128,-0.0085023588,-0.0044851493,-0.0004331138,-0.0004961425,-0.0006961721
2023-08-09,IS,-0.0058173197,1.2019520226,-0.0056167580,-0.0109946237,0.0000000000,-0.0055935107,-0.0058173197,-0.0060178814
2023-08-10,IS,0.0000000000,1.2019520226,0.0000000000,0.0018482781,-0.0115184379,0.0000000000,0.0000000000,0.0000000000
2023-08-11,IS,-0.0021794572,1.1993324197,-0.0020794572,-0.0063756477,-0.0040084059,0.0000000000,-0.0022796651,-0.0022794572
2023-08-14,IS,-0.0032758729,1.1954035590,-0.0030614800,0.0112221494,-0.0028830250,0.0011915464,0.0009246831,-0.0034768241
2023-08-15,IS,-0.0056353138,1.1886670849,-0.0055415305,-0.0105035777,-0.0023421071,-0.0070033500,0.0000000000,-0.0057353432
2023-08-16,IS,0.0066941483,1.1966241986,0.0067941483,-0.0106969383,0.0073465298,0.0022973557,0.0065948277,0.0065941483
2023-08-17,IS,0.0107765806,1.2095197157,0.0108487206,-0.0109229326,0.0075173505,0.0151256693,0.0103009327,0.0107776512
2023-08-18,IS,0.0004689068,1.2100868677,0.0005753109,-0.0013107256,-0.0004009036,-0.0057385011,-0.0067731371,0.0003724578
2023-08-21,IS,0.0017445613,1.2121979384,0.0018445613,0.0161682165,-0.0030583131,-0.0010188092,0.0016443768,0.0016445613
2023-08-22,IS,-0.0014291066,1.2104655783,-0.0014315998,-0.0014289640,-0.0026861765,-0.0008196443,-0.0067952132,-0.0014292493
2023-08-23,IS,0.0157701932,1.2295548544,0.0157751287,0.0157686169,0.0107736460,0.0164356300,0.0066460147,0.0157717699
2023-08-24,IS,0.0009687820,1.2307460249,0.0011350578,-0.0213757416,-0.0032837857,-0.0067340189,0.0037435902,0.0007686688
2023-08-25,IS,-0.0193988191,1.2068710054,-0.0192278441,0.0077515088,-0.0040756497,-0.0098037334,-0.0101912862,-0.0196979792
2023-08-28,IS,0.0000000000,1.2068710054,0.0000000000,0.0075270590,0.0000000000,-0.0033552980,0.0000000000,0.0000000000
2023-08-29,IS,0.0188510318,1.2296217692,0.0189510318,0.0218126295,0.0123667478,0.0193984592,0.0187491367,0.0187510318
2023-08-30,IS,0.0056041363,1.2365127372,0.0057097800,0.0056035863,0.0040305911,0.0089499916,0.0019004627,0.0056046864
2023-08-31,IS,0.0029987536,1.2402207342,0.0030724054,0.0029984610,-0.0013085648,0.0072755708,-0.0000147941,0.0029990463
2023-09-01,IS,-0.0046503824,1.2344532336,-0.0046765817,-0.0010582291,0.0062064670,0.0046671817,0.0000000000,-0.0047503993
2023-09-05,IS,0.0000000000,1.2344532336,0.0000000000,0.0012712201,0.0008118203,-0.0072988586,0.0000000000,0.0000000000
2023-09-06,IS,-0.0005270653,1.2338025962,-0.0004270653,-0.0086227418,0.0068886587,-0.0050972815,-0.0006271080,-0.0006270653
2023-09-07,IS,0.0073440550,1.2428637102,0.0073401842,-0.0073370508,0.0028469592,0.0000000000,-0.0034766290,0.0073447898
2023-09-08,IS,-0.0050831949,1.2365459918,-0.0050180168,0.0013976240,-0.0024968781,0.0000000000,0.0000000000,-0.0051828447
2023-09-11,IS,0.0003511917,1.2369802564,0.0004511917,0.0117290246,0.0016647322,-0.0009084469,0.0002511466,0.0002511917
2023-09-12,IS,-0.0056445117,1.2299981069,-0.0055470036,-0.0110359464,-0.0041584327,-0.0053616952,0.0000000000,-0.0057445414
2023-09-13,IS,0.0000000000,1.2299981069,0.0000000000,0.0038091151,0.0000000000,-0.0057603238,0.0000000000,0.0000000000
2023-09-14,IS,0.0010942358,1.2313440149,0.0011942358,0.0081505037,0.0018578179,-0.0027028505,0.0009941164,0.0009942358
2023-09-15,IS,-0.0066810238,1.2231173762,-0.0064771059,-0.0170969623,-0.0060029590,-0.0058934742,0.0015500269,-0.0068803761
2023-09-18,IS,-0.0019005633,1.2207927643,-0.0018036935,-0.0003775518,-0.0005609437,0.0002802933,0.0000000000,-0.0020006037
2023-09-19,IS,-0.0047098500,1.2150430134,-0.0045093991,-0.0021582540,0.0020654313,0.0012049235,-0.0047098500,-0.0049103010
2023-09-20,IS,0.0020077989,1.2174825754,0.0021077989,-0.0144104685,-0.0018853350,-0.0110493977,0.0019080096,0.0019077989
2023-09-21,IS,0.0182491987,1.2397006568,0.0182858394,-0.0183244637,0.0160561800,0.0123468328,0.0076468574,0.0182510201
2023-09-22,IS,-0.0095677876,1.2278394642,-0.0096630259,0.0001397194,0.0026412032,-0.0016639836,0.0000000000,-0.0096656943
2023-09-25,IS,0.0000000000,1.2278394642,0.0000000000,0.0047497974,-0.0041076372,0.0002011603,0.0000000000,0.0000000000
2023-09-26,IS,0.0041449117,1.2329287504,0.0042449117,-0.0150162676,0.0134421649,0.0147207186,0.0040453362,0.0040449117
2023-09-27,IS,-0.0118671100,1.2182974493,-0.0116262201,0.0023432427,-0.0003940137,-0.0066182852,-0.0060076171,-0.0121662264
2023-09-28,IS,0.0018310422,1.2205282034,0.0019310422,0.0083652546,-0.0072229865,-0.0006116799,0.0017308491,0.0017310422
2023-09-29,IS,-0.0023485501,1.2176617317,-0.0022528826,0.0007262367,-0.0041371619,0.0039133532,-0.0100789035,-0.0024485796
2023-10-02,IS,0.0000000000,1.2176617317,0.0000000000,0.0084573087,-0.0036931519,0.0055394033,0.0000000000,0.0000000000
2023-10-03,IS,0.0037731406,1.2222561407,0.0038731406,-0.0176584556,0.0132708709,-0.0030513776,0.0036735279,0.0036731406
2023-10-04,IS,-0.0061113978,1.2147864472,-0.0060342408,0.0136087006,-0.0052630018,-0.0096663458,0.0000000000,-0.0062118560
2023-10-05,IS,0.0000000000,1.2147864472,0.0000000000,-0.0029464906,0.0000000000,0.0000000000,0.0000000000,0.0000000000
2023-10-06,IS,0.0071075555,1.2234206093,0.0072075555,0.0168390532,0.0086834664,0.0195695502,0.0070068348,0.0070075555
2023-10-09,IS,0.0050179083,1.2295596218,0.0050535734,0.0050174101,0.0064028324,0.0066545887,0.0015488413,0.0050184066
2023-10-10,IS,0.0055385218,1.2363695646,0.0056058765,0.0055379747,0.0052053521,0.0046445149,0.0017842522,0.0055390691
2023-10-11,IS,0.0071360005,1.2451922984,0.0072627858,0.0071352994,-0.0009975088,0.0056157211,0.0000000000,0.0071367017
2023-10-12,IS,-0.0110685892,1.2314097764,-0.0109301124,-0.0034750283,-0.0023381662,-0.0107910294,-0.0105222013,-0.0113674973
2023-10-13,IS,0.0050474794,1.2376252918,0.0051474794,-0.0125699457,-0.0059469969,0.0023416226,0.0049479941,0.0049474794
2023-10-16,IS,-0.0117254309,1.2231136020,-0.0116839611,0.0113063951,-0.0053279273,-0.0106287597,0.0000000000,-0.0118267558
2023-10-17,IS,0.0000000000,1.2231136020,0.0000000000,-0.0032754934,-0.0056651840,-0.0022937258,0.0000000000,0.0000000000
2023-10-18,IS,-0.0001550433,1.2229239664,-0.0000550433,-0.0131178707,0.0035803852,-0.0059029827,-0.0002550489,-0.0002550433
2023-10-19,IS,0.0093588200,1.2343690916,0.0093573689,-0.0093568539,0.0092257987,0.0014803826,-0.0085770127,0.0093597561
2023-10-20,IS,0.0146443763,1.2524456570,0.0147791386,-0.0149179098,0.0119753145,0.0251828212,0.0080791587,0.0146458275
2023-10-23,IS,-0.0125137777,1.2367728305,-0.0127150131,0.0030174845,-0.0073902253,-0.0101235493,-0.0079425628,-0.0126115573
2023-10-24,IS,0.0000000000,1.2367728305,0.0000000000,0.0097281188,0.0000000000,0.0000000000,0.0000000000,0.0000000000
2023-10-25,IS,0.0069013322,1.2453082107,0.0070013322,-0.0245315067,0.0008092432,0.0110630015,0.0068020324,0.0068013322
2023-10-26,IS,0.0187486951,1.2686561147,0.0188780861,-0.0190111898,0.0116432469,0.0099346693,0.0150177293,0.0187505573
2023-10-27,IS,-0.0123376554,1.2530038726,-0.0125570453,0.0048012571,0.0047265881,-0.0093901998,0.0000000000,-0.0124350558
2023-10-30,IS,0.0000000000,1.2530038726,0.0000000000,0.0112652399,-0.0107213556,-0.0011285051,0.0000000000,0.0000000000
2023-10-31,IS,0.0005274062,1.2536647147,0.0006274062,0.0047823597,0.0062808568,0.0116644048,0.0004273435,0.0004274062
2023-11-01,IS,0.0173585906,1.2754265672,0.0173677456,0.0173568558,0.0105462427,-0.0039931861,0.0116762395,0.0173603257
2023-11-02,IS,0.0181550779,1.2985820359,0.0184799658,0.0181532945,0.0190974998,0.0032786642,0.0041198252,0.0181568617
2023-11-03,IS,0.0117499780,1.3138403463,0.0121773849,0.0117488444,0.0093117566,0.0105463590,0.0050483884,0.0117511119
2023-11-06,IS,-0.0012626051,1.3121814848,-0.0012191644,0.0041064970,-0.0008591680,-0.0086617524,0.0000000000,-0.0013626283
2023-11-07,IS,0.0071428517,1.3215542025,0.0072428517,0.0094252749,0.0010227202,0.0043990633,0.0070421275,0.0070428517
2023-11-08,IS,-0.0043125103,1.3158549865,-0.0042430139,0.0006439496,-0.0020225145,0.0067700601,0.0000000000,-0.0044125370
2023-11-09,IS,-0.0078611038,1.3055109138,-0.0073739207,-0.0076687939,0.0014534562,-0.0052823116,-0.0079601563,-0.0083579183
2023-11-10,IS,-0.0004999319,1.3048582473,-0.0002419048,0.0224546044,-0.0009271839,-0.0043509132,0.0076566615,-0.0007013651
2023-11-13,IS,-0.0031187851,1.3007886748,-0.0031429789,-0.0031184756,-0.0009533188,0.0010159323,0.0000000000,-0.0031190946
2023-11-14,IS,0.0215286134,1.3287928513,0.0216279565,0.0215264707,0.0194026466,0.0274297619,0.0015155848,0.0215307566
2023-11-15,IS,-0.0022799538,1.3257632650,-0.0022373748,0.0007526017,0.0016269725,-0.0047110066,-0.0065824504,-0.0023799774
2023-11-16,IS,-0.0052540335,1.3187976604,-0.0050535282,0.0008557647,-0.0026141317,0.0000000000,-0.0052540335,-0.0054545389
2023-11-17,IS,-0.0020132323,1.3161426143,-0.0019132323,0.0002331908,-0.0000556315,-0.0009215779,-0.0021130410,-0.0021132323
2023-11-20,IS,0.0121761241,1.3321681301,0.0121516107,0.0121749042,0.0076983674,0.0153543608,0.0077183145,0.0121773443
2023-11-21,IS,-0.0097995445,1.3191134892,-0.0097988521,-0.0058094897,-0.0047229096,-0.0069167328,0.0000000000,-0.0098995644
2023-11-22,IS,-0.0049149466,1.3126301168,-0.0047154181,0.0041444642,-0.0039813555,-0.0065536013,-0.0049149466,-0.0051144751
2023-11-24,IS,0.0000000000,1.3126301168,0.0000000000,-0.0014612387,0.0000000000,0.0000000000,0.0000000000,0.0000000000
2023-11-27,IS,0.0000000000,1.3126301168,0.0000000000,-0.0008728916,0.0000000000,0.0000000000,0.0000000000,0.0000000000
2023-11-28,IS,0.0000000000,1.3126301168,0.0000000000,0.0026209626,-0.0076349762,-0.0058633880,0.0000000000,0.0000000000
2023-11-29,IS,-0.0047962490,1.3063344160,-0.0045967087,-0.0009738845,-0.0043735337,-0.0038130685,-0.0047962490,-0.0049957893
2023-11-30,IS,-0.0046463939,1.3002646717,-0.0045463939,-0.0023857777,-0.0035735763,-0.0018459625,-0.0047468485,-0.0047463939
2023-12-01,IS,0.0028319873,1.3039470048,0.0029189915,0.0027257766,0.0036172283,0.0035886442,0.0000000000,0.0027316314
2023-12-04,IS,-0.0024871303,1.3007039188,-0.0023871303,-0.0092834795,-0.0092824129,-0.0110492592,-0.0025873690,-0.0025871303
2023-12-05,IS,0.0049202836,1.3071037509,0.0050077841,0.0024591013,0.0000000000,0.0000000000,0.0000000000,0.0048207802
2023-12-06,IS,0.0000000000,1.3071037509,0.0000000000,-0.0057324347,0.0000000000,0.0000000000,0.0000000000,0.0000000000
2023-12-07,IS,-0.0011745810,1.3055684516,-0.0010745810,0.0139722114,0.0000000000,0.0000000000,-0.0012744736,-0.0012745810
2023-12-08,IS,0.0042521481,1.3111199220,0.0042471536,0.0042517225,-0.0051542086,0.0000286585,-0.0050653165,0.0042525739
2023-12-11,IS,0.0087488637,1.3225907315,0.0087757452,0.0087479915,0.0039554560,0.0102131219,0.0060323632,0.0087497359
2023-12-12,IS,0.0079649861,1.3331251483,0.0080593578,0.0079641990,0.0045676538,-0.0078483163,0.0062367995,0.0079657734
2023-12-13,IS,0.0127185319,1.3500805430,0.0129717283,0.0127172850,0.0136622047,0.0116232270,0.0089724773,0.0127197790
2023-12-14,IS,-0.0061682521,1.3417529059,-0.0062683894,-0.0008668945,0.0033163692,-0.0191228875,-0.0064832553,-0.0062682617
2023-12-15,IS,0.0000000000,1.3417529059,0.0000000000,0.0048340316,-0.0071762638,-0.0062094465,0.0000000000,0.0000000000
2023-12-18,IS,0.0006867047,1.3426742939,0.0007867047,0.0042926926,0.0000000000,0.0006658437,0.0005866260,0.0005867047
2023-12-19,IS,0.0050855037,1.3495024690,0.0050889960,0.0050849956,0.0033021512,0.0062299265,0.0017834427,0.0050860120
2023-12-20,IS,0.0002073463,1.3497822835,0.0004016056,-0.0148356349,0.0010482895,-0.0051398974,-0.0008466082,0.0000073062
2023-12-21,IS,-0.0103551879,1.3358050343,-0.0102994751,0.0117098343,-0.0079065134,-0.0121484851,0.0000000000,-0.0104563816
2023-12-22,IS,0.0000000000,1.3358050343,0.0000000000,0.0014222658,0.0000000000,0.0000000000,0.0000000000,0.0000000000
2023-12-26,IS,0.0019974587,1.3384732496,0.0020974587,0.0061217494,0.0001523500,-0.0007134474,0.0018972489,0.0018974587
2023-12-27,IS,0.0014360857,1.3403954119,0.0014389542,0.0014359424,0.0017031031,-0.0027074402,0.0000000000,0.0014362290
2023-12-28,IS,-0.0004131940,1.3398415685,-0.0004146139,-0.0004131528,0.0004827750,0.0000000000,-0.0018988592,-0.0004132352
2023-12-29,IS,-0.0025824500,1.3363814946,-0.0023898590,-0.0043763676,-0.0032238311,0.0014981271,0.0008003196,-0.0027822110
2024-01-02,IS,0.0168421973,1.3588890954,0.0168573589,-0.0168742369,0.0058010449,0.0276945866,0.0028462161,0.0168438801
2024-01-03,IS,0.0102111990,1.3727649824,0.0103925252,-0.0105814849,0.0080955947,0.0152077168,0.0014793659,0.0102122024
2024-01-04,IS,0.0048641709,1.3794423459,0.0050010978,-0.0051464866,0.0030166695,0.0023082246,-0.0060196614,0.0048646440
2024-01-05,IS,-0.0091122002,1.3668725910,-0.0091540720,0.0011860301,-0.0013482330,-0.0050706813,-0.0024991385,-0.0093061870
2024-01-08,IS,0.0029000816,1.3708366330,0.0031923896,0.0206679269,0.0025072504,0.0154785513,0.0101154485,0.0026978535
2024-01-09,IS,0.0019757481,1.3735450609,0.0019959333,0.0019755525,-0.0017068698,0.0040550908,-0.0003724730,0.0019759437
2024-01-10,IS,0.0067782420,1.3828552816,0.0068610207,0.0067775724,0.0057415108,0.0137215915,0.0030414853,0.0067789117
2024-01-11,IS,-0.0055888612,1.3751266954,-0.0055941020,0.0020807834,-0.0058501449,-0.0057666912,-0.0090605157,-0.0056888803
2024-01-12,IS,0.0000000000,1.3751266954,0.0000000000,0.0005130084,-0.0043908534,-0.0060388170,0.0000000000,0.0000000000
2024-01-16,IS,0.0000000000,1.3751266954,0.0000000000,-0.0000976658,-0.0033108154,0.0000000000,0.0000000000,0.0000000000
2024-01-17,IS,-0.0057691478,1.3671933862,-0.0055685910,-0.0056407501,0.0055952040,-0.0060481123,-0.0057691478,-0.0059697047
2024-01-18,IS,0.0041065846,1.3728078816,0.0042065846,0.0141941504,-0.0014954773,0.0000000000,0.0040061640,0.0040065846
2024-01-19,IS,0.0198329636,1.4000347304,0.0199144094,0.0198309886,0.0123204810,0.0135387933,0.0140058611,0.0198349390
2024-01-22,IS,0.0013059825,1.4018631513,0.0013373535,0.0013058550,0.0022599459,0.0091324755,-0.0026833128,0.0013061100
2024-01-23,IS,0.0041499791,1.4076808540,0.0042552157,0.0041495744,0.0032478115,-0.0025923162,0.0000000000,0.0041503838
2024-01-24,IS,0.0050241844,1.4147533022,0.0052764674,0.0055492585,0.0016937272,-0.0062534929,-0.0024033006,0.0049241405
2024-01-25,IS,0.0000000000,1.4147533022,0.0000000000,0.0012211446,0.0000000000,0.0000000000,0.0000000000,0.0000000000
2024-01-26,IS,0.0000000000,1.4147533022,0.0000000000,-0.0059575466,-0.0035942047,0.0000000000,0.0000000000,0.0000000000
2024-01-29,IS,0.0019830408,1.4175588157,0.0020830408,0.0102404379,0.0024304573,0.0065157914,0.0018828325,0.0018830408
2024-01-30,IS,-0.0067098416,1.4080472206,-0.0066236016,-0.0066565456,-0.0007735826,-0.0044945462,0.0000000000,-0.0068098702
2024-01-31,IS,-0.0060484684,1.3995306915,-0.0058478836,-0.0195861745,-0.0060816630,-0.0198071140,-0.0060484684,-0.0062490531
2024-02-01,IS,-0.0075791375,1.3889234560,-0.0073783997,0.0117754275,-0.0093057265,-0.0066241373,0.0000000000,-0.0077798754
2024-02-02,IS,0.0078145139,1.3997772176,0.0079145139,0.0172797952,0.0039534363,0.0030242991,0.0077137224,0.0077145139
2024-02-05,IS,-0.0039213365,1.3942882201,-0.0038515735,-0.0016776569,-0.0044507377,-0.0071169855,0.0000000000,-0.0040213632
2024-02-06,IS,0.0000000000,1.3942882201,0.0000000000,-0.0020072354,0.0000000000,0.0000000000,0.0000000000,0.0000000000
2024-02-07,IS,0.0017320540,1.3967032026,0.0018320540,0.0103136182,0.0024761840,0.0029294189,0.0016318708,0.0016320540
2024-02-08,IS,0.0018288863,1.3992576139,0.0018320540,0.0018287037,0.0004417224,0.0102853617,-0.0015842959,0.0018290688
2024-02-09,IS,0.0098440918,1.4130320343,0.0098791772,0.0098431110,0.0056997174,0.0110271310,0.0074070761,0.0098450728
2024-02-12,IS,-0.0016790033,1.4106595488,-0.0016003803,-0.0039125958,-0.0003592023,-0.0052903972,-0.0042510858,-0.0017790308
2024-02-13,IS,-0.0115698137,1.3943384807,-0.0113029109,-0.0156429457,-0.0132131795,-0.0115725342,-0.0116697959,-0.0118686144
2024-02-14,IS,-0.0065458352,1.3852113708,-0.0064067964,0.0108977201,-0.0053390181,0.0000000000,0.0000000000,-0.0066483008
2024-02-15,IS,-0.0005830696,1.3844036962,-0.0004830696,0.0030240074,0.0020962225,0.0000000000,-0.0006830213,-0.0006830696
2024-02-16,IS,-0.0077638156,1.3736554412,-0.0076601031,-0.0090676854,-0.0047617350,0.0000000000,0.0000000000,-0.0078638460
2024-02-20,IS,-0.0018112450,1.3711674147,-0.0017112450,-0.0075481339,-0.0002006624,0.0024910911,-0.0019114161,-0.0019112450
2024-02-21,IS,0.0010517092,1.3726094840,0.0012737038,-0.0040016849,-0.0009061431,0.0192141787,-0.0054201724,0.0008525350
2024-02-22,IS,-0.0135165146,1.3540565879,-0.0130351063,0.0292756279,-0.0064457096,-0.0293675077,0.0077371750,-0.0137205195
2024-02-23,IS,-0.0042089390,1.3483574462,-0.0041415489,-0.0029447349,0.0006897236,0.0000000000,-0.0052393380,-0.0043089656
2024-02-26,IS,0.0000000000,1.3483574462,0.0000000000,-0.0005265809,-0.0007793438,0.0030622216,0.0000000000,0.0000000000
2024-02-27,IS,-0.0045404726,1.3422352662,-0.0043400386,0.0024052228,-0.0001210499,0.0063733628,-0.0045404726,-0.0047409066
2024-02-28,IS,-0.0043176258,1.3364399966,-0.0041172141,-0.0053244973,0.0000000000,0.0000000000,-0.0043176258,-0.0045180375
2024-02-29,IS,-0.0060713699,1.3283259750,-0.0058719571,0.0087302134,-0.0030908506,0.0000000000,-0.0060713699,-0.0062707827
2024-03-01,IS,0.0108119782,1.3426878065,0.0109119782,0.0148951192,0.0057644699,0.0037040843,0.0107108870,0.0107119782
2024-03-04,IS,-0.0035684955,1.3378964310,-0.0036070780,-0.0035681425,-0.0010530647,-0.0042118983,0.0000000000,-0.0035688486
2024-03-05,IS,-0.0033927465,1.3333572877,-0.0032175905,-0.0179496419,-0.0024569877,-0.0042815383,0.0035700822,-0.0035924246
2024-03-06,IS,-0.0096835094,1.3204457099,-0.0096184601,0.0062836831,-0.0059283345,-0.0152782315,0.0000000000,-0.0097847014
2024-03-07,IS,0.0037083649,1.3253424044,0.0038083649,0.0151781034,0.0020413693,0.0012069645,0.0036079840,0.0036083649
2024-03-08,IS,-0.0059143528,1.3175038618,-0.0058364882,-0.0144348412,-0.0016151906,-0.0034783437,-0.0055629517,-0.0060143805
2024-03-11,IS,-0.0040018568,1.3122314000,-0.0039018568,-0.0037128149,-0.0045455251,0.0000000000,-0.0041022470,-0.0041018568
2024-03-12,IS,-0.0043001383,1.3065886235,-0.0040800680,0.0143350328,0.0000000000,0.0032011645,0.0001381773,-0.0045014015
2024-03-13,IS,-0.0055095577,1.2993898981,-0.0054113774,-0.0076860659,0.0000000000,-0.0075538209,0.0000000000,-0.0056095875
2024-03-14,IS,-0.0051805566,1.2926583352,-0.0050805566,-0.0024304373,-0.0087055600,-0.0051094097,-0.0052810646,-0.0052805566
2024-03-15,IS,0.0121004019,1.3083000206,0.0120377151,-0.0119768660,0.0094088134,0.0283153351,0.0012269388,0.0121016184
2024-03-18,IS,-0.0136240507,1.2904756748,-0.0136168070,0.0082042773,-0.0093470755,-0.0092189597,0.0000000000,-0.0137253943
2024-03-19,IS,0.0000000000,1.2904756748,0.0000000000,0.0024915425,0.0000000000,0.0020368731,0.0000000000,0.0000000000
2024-03-20,IS,0.0071175946,1.2996607575,0.0072175946,0.0118567161,0.0089156465,0.0101042130,0.0070168728,0.0070175946
2024-03-21,IS,0.0054659324,1.3067646153,0.0056061191,0.0047321811,0.0038198974,0.0066299876,-0.0051719647,0.0053658986
2024-03-22,IS,0.0000000000,1.3067646153,0.0000000000,0.0008074102,0.0000000000,-0.0010087238,0.0000000000,0.0000000000
2024-03-25,IS,0.0000000000,1.3067646153,0.0000000000,-0.0032942653,0.0000000000,-0.0061764297,0.0000000000,0.0000000000
2024-03-26,IS,0.0000000000,1.3067646153,0.0000000000,-0.0032377012,0.0006319093,-0.0051532236,0.0000000000,0.0000000000
2024-03-27,IS,0.0000000000,1.3067646153,0.0000000000,0.0034061175,-0.0037958530,-0.0027830692,0.0000000000,0.0000000000
2024-03-28,IS,0.0000000000,1.3067646153,0.0000000000,-0.0019333228,0.0000955826,-0.0039695070,0.0000000000,0.0000000000
2024-04-01,IS,-0.0046281957,1.3007166530,-0.0044286385,0.0022073564,-0.0013234191,-0.0026075703,-0.0046281957,-0.0048277528
2024-04-02,IS,-0.0047338960,1.2945591956,-0.0045334427,-0.0086301832,-0.0025965138,0.0099118997,-0.0047338960,-0.0049343494
2024-04-03,IS,0.0000000000,1.2945591956,0.0000000000,0.0022443381,0.0000000000,0.0000000000,0.0000000000,0.0000000000
2024-04-04,IS,0.0012374997,1.2961612122,0.0015887311,-0.0152906582,-0.0007365587,-0.0069080957,0.0011389506,0.0009372468
2024-04-05,IS,-0.0127156712,1.2796796524,-0.0127153404,0.0118298342,-0.0095948163,-0.0082345633,0.0000000000,-0.0128166318
2024-04-08,IS,0.0000000000,1.2796796524,0.0000000000,0.0002497219,0.0000000000,0.0000000000,0.0000000000,0.0000000000
2024-04-09,IS,0.0000000000,1.2796796524,0.0000000000,0.0036995007,-0.0051045457,-0.0055851957,0.0000000000,0.0000000000
2024-04-10,IS,0.0000000000,1.2796796524,0.0000000000,-0.0087284897,-0.0002167179,0.0000000000,0.0000000000,0.0000000000
2024-04-11,IS,0.0046261858,1.2855996882,0.0047261858,0.0159682460,-0.0056653487,0.0000000000,0.0045257132,0.0045261858
2024-04-12,IS,-0.0108326542,1.2716732313,-0.0107833738,-0.0159418012,0.0017757327,0.0034118469,0.0000000000,-0.0109326790
2024-04-15,IS,0.0117741977,1.2866461634,0.0118741977,-0.0164510462,-0.0045336677,0.0273566993,0.0116753851,0.0116741977
2024-04-16,IS,-0.0000906256,1.2865295603,-0.0000916926,0.0000927945,0.0022209552,-0.0025693914,0.0000000000,-0.0000906346
2024-04-17,IS,0.0119183468,1.3018628658,0.0120575830,-0.0122013454,0.0057098082,0.0074938479,0.0080221697,0.0119195250
2024-04-18,IS,0.0054635463,1.3089756539,0.0055932514,-0.0057298516,0.0018534439,0.0065083444,-0.0074786796,0.0054640801
2024-04-19,IS,0.0194861719,1.3344825785,0.0200577664,-0.0206660368,0.0086463860,0.0112004856,0.0174748857,0.0194880651
2024-04-22,IS,-0.0088073045,1.3227293841,-0.0091463415,0.0100566743,-0.0111095243,-0.0077744965,0.0000000000,-0.0088996013
2024-04-23,IS,0.0028592077,1.3265113422,0.0029592077,0.0156033618,0.0118778428,0.0105486564,0.0027589118,0.0027592077
2024-04-24,IS,0.0027156497,1.3301136823,0.0027234143,0.0027153789,-0.0024632793,-0.0045279641,-0.0065453758,0.0027159205
2024-04-25,IS,-0.0160433551,1.3087741961,-0.0160339543,-0.0048298985,-0.0065836170,-0.0088570167,0.0000000000,-0.0161433760
2024-04-26,IS,0.0026453353,1.3122363426,0.0027453353,0.0154317352,0.0007270321,-0.0067689330,0.0025450607,0.0025453353
2024-04-29,IS,-0.0001696155,1.3120137670,-0.0000697967,0.0040603248,-0.0000409851,0.0000000000,0.0000000000,-0.0002696454
2024-04-30,IS,0.0107100552,1.3260655069,0.0108100552,-0.0188561525,0.0089022506,0.0125587717,0.0106111362,0.0106100552
2024-05-01,IS,-0.0089963149,1.3141358040,-0.0089928477,-0.0072422808,-0.0095503126,-0.0090294865,-0.0133729025,-0.0090959754
2024-05-02,IS,0.0000000000,1.3141358040,0.0000000000,0.0127753461,0.0000000000,0.0000000000,0.0000000000,0.0000000000
2024-05-03,IS,0.0015560861,1.3161807124,0.0016560861,0.0200983837,0.0003891985,-0.0009413814,0.0014559205,0.0014560861
2024-05-06,IS,0.0109545243,1.3305988461,0.0109715705,0.0109534307,0.0103278527,0.0138521604,0.0059011312,0.0109556182
2024-05-07,IS,0.0001590163,1.3308104330,0.0001610084,0.0001590006,0.0012003433,-0.0054445679,-0.0015380078,0.0001590320
2024-05-08,IS,-0.0038699906,1.3256602091,-0.0038181985,-0.0005904797,-0.0026329251,0.0000000000,0.0000000000,-0.0039700154
2024-05-09,IS,0.0000000000,1.3256602091,0.0000000000,0.0021815207,0.0022702162,0.0000000000,0.0000000000,0.0000000000
2024-05-10,IS,-0.0049105559,1.3191504806,-0.0047110270,0.0023581697,0.0013266218,-0.0056479736,-0.0049105559,-0.0051100848
2024-05-13,IS,0.0000000000,1.3191504806,0.0000000000,0.0023073791,0.0000960047,0.0000000000,0.0000000000,0.0000000000
2024-05-14,IS,-0.0017234696,1.3168769649,-0.0014174195,0.0064322470,0.0045693827,-0.0011750152,-0.0018233072,-0.0020231256
2024-05-15,IS,0.0156318161,1.3374621434,0.0156601060,0.0156302559,0.0123653074,0.0251361777,0.0102627987,0.0156333766
2024-05-16,IS,-0.0012702441,1.3357632401,-0.0011907972,-0.0020313535,-0.0022276420,-0.0023421211,-0.0025595029,-0.0013702715
2024-05-17,IS,-0.0031551287,1.3315487351,-0.0029548333,-0.0004867472,-0.0024805654,0.0000000000,-0.0031551287,-0.0033554242
2024-05-20,IS,-0.0007151277,1.3305965076,-0.0006151277,0.0069727289,0.0000000000,0.0096457888,-0.0008150662,-0.0008151277
2024-05-21,IS,-0.0032654715,1.3262514826,-0.0031635141,0.0019564309,0.0000000000,-0.0076004716,0.0000000000,-0.0033655017
2024-05-22,IS,-0.0028748191,1.3224387495,-0.0026750866,-0.0001974550,-0.0039270623,-0.0059142857,-0.0032027027,-0.0030745516
2024-05-23,IS,-0.0083280452,1.3114254198,-0.0080414309,-0.0044326436,-0.0082133188,-0.0079603436,-0.0084276042,-0.0086263783
2024-05-24,IS,-0.0041724570,1.3059535536,-0.0040634248,0.0093896714,-0.0058643516,0.0097754929,0.0000000000,-0.0042736874
2024-05-28,IS,0.0000000000,1.3059535536,0.0000000000,0.0037340321,0.0000000000,0.0066113175,0.0000000000,0.0000000000
2024-05-29,IS,0.0000000000,1.3059535536,0.0000000000,-0.0070051777,0.0000000000,0.0026975283,0.0000000000,0.0000000000
2024-05-30,IS,0.0070678283,1.3151838092,0.0071678283,-0.0107133468,0.0032754148,0.0552090447,0.0069685451,0.0069678283
2024-05-31,IS,0.0058623892,1.3228939285,0.0060025065,0.0003543351,0.0006040248,0.0014360531,0.0002231955,0.0057649713
2024-06-03,IS,0.0000000000,1.3228939285,0.0000000000,0.0031436098,-0.0058461028,0.0000000000,0.0000000000,0.0000000000
2024-06-04,IS,0.0000000000,1.3228939285,0.0000000000,0.0027365215,0.0000000000,0.0000000000,0.0000000000,0.0000000000
2024-06-05,IS,0.0127039854,1.3396999537,0.0128039854,0.0201597817,0.0081792698,0.0088771558,0.0126027050,0.0126039854
2024-06-06,IS,-0.0006041198,1.3388906144,-0.0006117945,-0.0006040601,-0.0027560502,0.0028741329,-0.0039046895,-0.0006041795
2024-06-07,IS,-0.0006476625,1.3380234652,-0.0006554941,-0.0006475985,-0.0045841353,-0.0039374170,0.0000000000,-0.0006477265
2024-06-10,IS,0.0040613152,1.3434576003,0.0041077632,0.0040609137,0.0000000000,-0.0019337461,0.0000000000,0.0040617168
2024-06-11,IS,0.0067773383,1.3525626670,0.0068826884,0.0067766710,0.0000000000,-0.0073558364,0.0037253824,0.0067780058
2024-06-12,IS,0.0131856136,1.3703970357,0.0134813293,0.0131843241,-0.0006354209,0.0227542991,0.0003697075,0.0131869034
2024-06-13,IS,0.0054207489,1.3778256139,0.0056153997,0.0054202257,-0.0030371661,-0.0046729390,-0.0069381244,0.0054212722
2024-06-14,IS,0.0051817359,1.3849651424,0.0053969017,0.0051812385,0.0000000000,0.0000000000,0.0011790860,0.0051822335
2024-06-17,IS,0.0122510084,1.4019323619,0.0128258352,0.0122498383,0.0062468119,0.0071361395,0.0106986037,0.0122521787
2024-06-18,IS,0.0003092693,1.4023659365,0.0003277471,0.0003092401,0.0026692231,0.0033435483,0.0000000000,0.0003092985
2024-06-20,IS,-0.0065610927,1.3931648837,-0.0068499137,-0.0077080027,-0.0028894840,-0.0013091596,0.0000000000,-0.0066610843
2024-06-21,IS,0.0000000000,1.3931648837,0.0000000000,-0.0026792947,-0.0005596940,0.0100103237,0.0000000000,0.0000000000
2024-06-24,IS,0.0077914868,1.4040197095,0.0078914868,-0.0129534758,-0.0029704861,-0.0102650785,0.0076922760,0.0076914868
2024-06-25,IS,-0.0090098763,1.3913696656,-0.0089799678,0.0114355642,-0.0017626850,0.0078680673,0.0000000000,-0.0091101151
2024-06-26,IS,0.0000000000,1.3913696656,0.0000000000,0.0020651675,0.0000000000,0.0011828249,0.0000000000,0.0000000000
2024-06-27,IS,-0.0056541885,1.3835025992,-0.0054547340,0.0025813435,0.0018252984,0.0212656939,-0.0056541885,-0.0058536431
2024-06-28,IS,-0.0045580079,1.3771965835,-0.0043584437,-0.0051909221,-0.0023235738,0.0043959415,-0.0045580079,-0.0047575720
2024-07-01,OOS,-0.0063078641,1.3685094145,-0.0061072534,0.0058024253,-0.0042903885,-0.0053819381,-0.0063078641,-0.0065084749
2024-07-02,OOS,0.0040031774,1.3739878005,0.0041031774,0.0105625765,0.0030062710,0.0000000000,0.0039027671,0.0039031774
2024-07-03,OOS,0.0083379284,1.3854440124,0.0083713066,0.0083370980,0.0045179192,-0.0007686341,0.0075568895,0.0083387590
2024-07-05,OOS,0.0104278791,1.3998912550,0.0105569187,0.0104268491,0.0058214895,0.0119505025,0.0070262363,0.0104289092
2024-07-08,OOS,0.0023784976,1.4032208930,0.0024330399,0.0023782651,0.0011719836,-0.0113323658,-0.0000592455,0.0023787301
2024-07-09,OOS,0.0008847929,1.4044624529,0.0009072352,0.0008847066,0.0009004705,0.0106410362,-0.0035438793,0.0008848792
2024-07-10,OOS,0.0104072175,1.4190789992,0.0106806326,0.0104062035,0.0098962643,0.0004516586,0.0046744426,0.0104082317
2024-07-11,OOS,-0.0013879381,1.4171094054,-0.0014606194,-0.0219301734,-0.0072260519,-0.0092829123,0.0082064040,-0.0015877922
2024-07-12,OOS,-0.0071959242,1.4069119935,-0.0071558154,0.0058748196,-0.0036401147,0.0000000000,0.0000000000,-0.0072957001
2024-07-15,OOS,-0.0068925036,1.3972148475,-0.0066931730,0.0026878461,-0.0035299299,0.0015084282,-0.0068925036,-0.0070918343
2024-07-16,OOS,0.0000000000,1.3972148475,0.0000000000,0.0003829487,0.0000000000,0.0032979865,0.0000000000,0.0000000000
2024-07-17,OOS,0.0108829200,1.4124206249,0.0109829200,-0.0293548777,0.0006714803,-0.0096909833,0.0107840183,0.0107829200
2024-07-18,OOS,0.0046301816,1.4189603889,0.0046805715,-0.0047325487,0.0022654773,0.0147592819,0.0013410824,0.0046306397
2024-07-19,OOS,0.0085910429,1.4311507385,0.0087247495,-0.0088635842,0.0067168720,0.0020294810,0.0018999916,0.0085918889
2024-07-22,OOS,-0.0121417163,1.4137741123,-0.0123378223,0.0149608619,-0.0083140800,-0.0089693085,0.0000000000,-0.0122393635
2024-07-23,OOS,-0.0058850087,1.4054540393,-0.0056855772,-0.0035866072,-0.0033936772,-0.0050712596,-0.0058850087,-0.0060844401
2024-07-24,OOS,0.0170799440,1.4294591156,0.0171799440,-0.0358703342,0.0014791828,0.0096912997,0.0169816620,0.0169799440
2024-07-25,OOS,0.0106770578,1.4447215333,0.0108594214,-0.0110492468,-0.0070214919,-0.0156524745,-0.0076570521,0.0106781077
2024-07-26,OOS,-0.0097182963,1.4306813014,-0.0099898193,0.0102780081,0.0000000000,0.0000000000,0.0000000000,-0.0097192418
2024-07-29,OOS,-0.0086400016,1.4183202127,-0.0086960210,0.0020087695,0.0000000000,0.0000000000,0.0000000000,-0.0087381778
2024-07-30,OOS,0.0030157399,1.4225974976,0.0031157399,-0.0137314076,-0.0023374674,0.0079996435,0.0029160515,0.0029157399
2024-07-31,OOS,-0.0165415367,1.3990655488,-0.0163216634,0.0295936878,-0.0053683667,-0.0112808800,0.0038065048,-0.0167433502
2024-08-01,OOS,-0.0181416052,1.3736842541,-0.0180646572,-0.0242214533,-0.0120902758,-0.0159176921,-0.0164413335,-0.0183397984
2024-08-02,OOS,0.0240618766,1.4067376751,0.0238960925,-0.0237349345,0.0187667953,0.0330824106,0.0059354469,0.0240642997
2024-08-05,OOS,0.0288160640,1.4472743179,0.0293061153,-0.0298161560,0.0283907969,-0.0227770031,-0.0205760257,0.0288188977
2024-08-06,OOS,-0.0154368912,1.4249329017,-0.0160548449,0.0095550911,-0.0135055423,0.0000000000,0.0000000000,-0.0155310480
2024-08-07,OOS,0.0000000000,1.4249329017,0.0000000000,-0.0108297500,0.0000000000,-0.0156547311,0.0000000000,0.0000000000
2024-08-08,OOS,0.0000000000,1.4249329017,0.0000000000,0.0305908871,0.0000000000,-0.0011799118,0.0000000000,0.0000000000
2024-08-09,OOS,0.0029956305,1.4292014741,0.0030956305,0.0052223983,0.0000877123,0.0111596642,0.0028953209,0.0028956305
2024-08-12,OOS,0.0021538081,1.4322796999,0.0021602601,0.0021535934,0.0008258619,-0.0098386767,-0.0031595909,0.0021540229
2024-08-13,OOS,0.0248152649,1.4678221000,0.0249432097,0.0248127963,0.0163348214,0.0076540358,0.0124852250,0.0248177339
2024-08-14,OOS,0.0003242997,1.4682981143,0.0003340608,0.0003242682,0.0032661242,0.0056359344,-0.0066081431,0.0003243312
2024-08-15,OOS,0.0252655641,1.5053954944,0.0260344751,0.0252631124,0.0171419093,0.0183631849,0.0107303139,0.0252680163
2024-08-16,OOS,0.0012859022,1.5073312858,0.0013585141,0.0012857805,0.0021156684,0.0011709129,-0.0005787420,0.0012860240
2024-08-19,OOS,0.0131372543,1.5271334802,0.0138969311,0.0131360125,0.0096898748,0.0114615261,0.0082435441,0.0131384963
2024-08-20,OOS,-0.0020988099,1.5239283173,-0.0022493430,-0.0020986141,-0.0016441586,0.0021969522,-0.0062422564,-0.0020990058
2024-08-21,OOS,0.0046645764,1.5310367973,0.0049886419,0.0046641403,0.0035085412,0.0061149061,-0.0068723349,0.0046650126
2024-08-22,OOS,-0.0077145265,1.5192255734,-0.0076339342,-0.0158549223,-0.0018185559,-0.0105749480,-0.0086752547,-0.0081135330
2024-08-23,OOS,-0.0142686709,1.4975482437,-0.0142221849,0.0108455302,-0.0056626490,-0.0078562358,0.0000000000,-0.0143707477
2024-08-26,OOS,0.0000000000,1.4975482437,0.0000000000,-0.0097083333,-0.0050454399,0.0000000000,0.0000000000,0.0000000000
2024-08-27,OOS,-0.0081154654,1.4853949428,-0.0079146739,0.0029873354,0.0000000000,0.0000000000,-0.0081154654,-0.0083162568
2024-08-28,OOS,-0.0032071102,1.4806311175,-0.0031071102,-0.0113474285,-0.0001913505,-0.0012568342,-0.0033074209,-0.0033071102
2024-08-29,OOS,-0.0065276407,1.4709660896,-0.0064057545,-0.0014638803,-0.0099567469,-0.0191036849,0.0000000000,-0.0066295819
2024-08-30,OOS,0.0000000000,1.4709660896,0.0000000000,0.0119194323,0.0000000000,0.0059114886,0.0000000000,0.0000000000
2024-09-03,OOS,0.0146107456,1.4924580009,0.0147107456,-0.0303609297,0.0078236381,0.0005291843,0.0145122166,0.0145107456
2024-09-04,OOS,0.0025233774,1.4962240356,0.0025602458,-0.0025984712,0.0024068284,0.0021888688,0.0000000000,0.0025236261
2024-09-05,OOS,-0.0009019343,1.4948745398,-0.0009174214,0.0009335446,0.0020986951,0.0036784642,0.0000000000,-0.0009020230
2024-09-06,OOS,0.0259277772,1.5336333139,0.0263491962,-0.0267872636,0.0163284389,-0.0053085651,0.0155732715,0.0259303288
2024-09-09,OOS,-0.0101199733,1.5181129858,-0.0104543369,0.0128596581,-0.0086347104,-0.0124350524,0.0000000000,-0.0102137736
2024-09-10,OOS,0.0012754558,1.5200492717,0.0013754558,0.0092417374,-0.0000635549,-0.0107829872,0.0011753182,0.0011754558
2024-09-11,OOS,0.0094670976,1.5344397266,0.0098077692,0.0213665896,-0.0021185866,0.0088813832,0.0179460194,0.0092661164
2024-09-12,OOS,0.0101619510,1.5500326279,0.0103453522,0.0101609529,0.0076424620,0.0106170807,0.0068217697,0.0101629493
2024-09-13,OOS,0.0044803815,1.5569773655,0.0046075938,0.0044799459,0.0052232862,-0.0029689577,0.0015701075,0.0044808172
2024-09-16,OOS,-0.0074841742,1.5453246757,-0.0076286105,-0.0044178904,0.0014769865,0.0079026194,0.0000000000,-0.0075841796
2024-09-17,OOS,0.0000000000,1.5453246757,0.0000000000,0.0005282732,-0.0018944764,-0.0044036088,0.0000000000,0.0000000000
2024-09-18,OOS,0.0000000000,1.5453246757,0.0000000000,-0.0043295529,0.0000000000,-0.0064868756,0.0000000000,0.0000000000
2024-09-19,OOS,0.0025551610,1.5492732290,0.0026551610,0.0252842355,0.0030800692,0.0031749578,0.0024548955,0.0024551610
2024-09-20,OOS,-0.0035756794,1.5437335246,-0.0034848988,-0.0019447203,-0.0055993252,-0.0067030067,0.0000000000,-0.0036757084
2024-09-23,OOS,0.0000000000,1.5437335246,0.0000000000,0.0012851872,0.0000000000,0.0000000000,0.0000000000,0.0000000000
2024-09-24,OOS,-0.0007177034,1.5426255819,-0.0006177034,0.0048236171,0.0011092322,0.0000000000,-0.0008176416,-0.0008177034
2024-09-25,OOS,0.0009272205,1.5440559360,0.0009265551,0.0009271278,-0.0022057165,0.0000000000,-0.0023974019,0.0009273133
2024-09-26,OOS,0.0075138218,1.5556576972,0.0075153911,0.0075130707,0.0039650310,0.0000000000,-0.0056088217,0.0075145731
2024-09-27,OOS,-0.0059021996,1.5464758949,-0.0058475920,-0.0055570311,-0.0010260974,0.0000000000,0.0000000000,-0.0060022249
2024-09-30,OOS,-0.0089885214,1.5325753632,-0.0088885214,0.0027118644,-0.0030283669,-0.0042382393,-0.0090894103,-0.0090885214
2024-10-01,OOS,0.0036171273,1.5381188835,0.0038099437,-0.0139324277,-0.0045518612,0.0094230046,0.0028454220,0.0034151017
2024-10-02,OOS,-0.0014044894,1.5359586118,-0.0014086258,0.0014129283,-0.0055071657,-0.0089460646,0.0000000000,-0.0014046294
2024-10-03,OOS,0.0007445990,1.5371022850,0.0007457431,-0.0007469655,0.0000000000,0.0000000000,0.0000000000,0.0007446733
2024-10-04,OOS,-0.0173035693,1.5105049291,-0.0170989658,0.0118980876,-0.0052935485,0.0075345589,-0.0065472020,-0.0176017875
2024-10-07,OOS,0.0000000000,1.5105049291,0.0000000000,-0.0107116474,-0.0046900479,-0.0119074745,0.0000000000,0.0000000000
2024-10-08,OOS,0.0027283325,1.5146260888,0.0028283325,0.0149346609,-0.0005011161,0.0060208398,0.0026280497,0.0026283325
2024-10-09,OOS,0.0078691681,1.5265449361,0.0078906378,0.0078683834,0.0069270848,0.0126984834,0.0053250979,0.0078699530
2024-10-10,OOS,-0.0011356695,1.5248112856,-0.0011477291,-0.0011355571,-0.0017501825,0.0068693304,-0.0044277260,-0.0011357819
2024-10-11,OOS,-0.0037947627,1.5190249886,-0.0037301197,0.0015631661,0.0059888279,0.0049814821,0.0000000000,-0.0038947889
2024-10-14,OOS,0.0008858957,1.5203706863,0.0009858957,0.0083914383,0.0081273785,0.0054955715,0.0007857971,0.0007858957
2024-10-15,OOS,-0.0058115870,1.5115349198,-0.0056196346,-0.0134472362,-0.0042075515,-0.0038430000,-0.0006688797,-0.0060110250
2024-10-16,OOS,-0.0014259528,1.5093795423,-0.0013249623,0.0002241193,0.0000000000,-0.0054321776,-0.0061981843,-0.0015263419
2024-10-17,OOS,0.0000000000,1.5093795423,0.0000000000,0.0006722073,0.0000000000,0.0000000000,0.0000000000,0.0000000000
2024-10-18,OOS,0.0000000000,1.5093795423,0.0000000000,0.0065547074,0.0000000000,0.0000000000,0.0000000000,0.0000000000
2024-10-21,OOS,0.0000000000,1.5093795423,0.0000000000,0.0019212490,-0.0031067674,0.0000000000,0.0000000000,0.0000000000
2024-10-22,OOS,-0.0018109156,1.5066461833,-0.0017109156,0.0010899843,0.0000000000,0.0000000000,-0.0019107446,-0.0019109156
2024-10-23,OOS,0.0005511433,1.5074765613,0.0007904737,-0.0153238164,0.0020924524,0.0073426323,0.0057238129,0.0003510640
2024-10-24,OOS,-0.0080140744,1.4953955319,-0.0080607422,0.0081087722,-0.0021361923,-0.0126789625,0.0000000000,-0.0080148713
2024-10-25,OOS,-0.0147021477,1.4734100059,-0.0145222931,0.0060935977,-0.0058409326,-0.0075022280,-0.0043813269,-0.0149031859
2024-10-28,OOS,0.0001615280,1.4736480029,0.0001608363,0.0001615117,0.0000000000,0.0000000000,0.0000000000,0.0001615442
2024-10-29,OOS,0.0011465267,1.4753375796,0.0013436115,0.0096083973,0.0000000000,0.0030054707,0.0005001961,0.0009463922
2024-10-30,OOS,-0.0065979302,1.4656034053,-0.0065024709,-0.0073876360,-0.0041266904,-0.0013716229,0.0000000000,-0.0066979597
2024-10-31,OOS,0.0121481475,1.4834077715,0.0122481475,-0.0253693614,0.0111952593,0.0073040783,0.0120493723,0.0120481475
2024-11-01,OOS,-0.0072984886,1.4725811369,-0.0072876477,0.0073573480,-0.0074507251,-0.0107798601,0.0000000000,-0.0073975291
2024-11-04,OOS,0.0000000000,1.4725811369,0.0000000000,-0.0029132388,0.0000000000,0.0000000000,0.0000000000,0.0000000000
2024-11-05,OOS,0.0026094198,1.4764237193,0.0027094198,0.0127569392,0.0012542985,0.0038650407,0.0025091489,0.0025094198
2024-11-06,OOS,0.0271659119,1.5165321160,0.0272367992,0.0271632027,0.0249743140,0.0410267104,0.0069307610,0.0271686217
2024-11-07,OOS,0.0157458225,1.5404111615,0.0162157757,0.0157442937,0.0075635489,0.0250789978,0.0067602247,0.0157473516
2024-11-08,OOS,0.0011684725,1.5422110896,0.0012222947,0.0011683608,0.0044839102,0.0107847607,-0.0015982986,0.0011685842
2024-11-11,OOS,-0.0064225936,1.5323060945,-0.0062708251,-0.0005834987,0.0008860914,0.0232164565,-0.0034154099,-0.0067219645
2024-11-12,OOS,-0.0047879744,1.5249694521,-0.0045875157,-0.0018293632,-0.0062118738,0.0048275920,-0.0047879744,-0.0049884332
2024-11-13,OOS,-0.0043183323,1.5183841272,-0.0041187442,-0.0012673036,0.0000000000,0.0031709029,-0.0043183323,-0.0045179204
2024-11-14,OOS,-0.0004146324,1.5177545560,-0.0003146324,-0.0069497316,0.0001022006,-0.0098723096,-0.0005146638,-0.0005146324
2024-11-15,OOS,0.0238432884,1.5539428155,0.0238334022,-0.0238259058,0.0127541854,0.0089122869,0.0098289135,0.0238456739
2024-11-18,OOS,-0.0049956119,1.5461799203,-0.0050144534,0.0069476610,-0.0027428634,-0.0060245555,0.0000000000,-0.0050920131
2024-11-19,OOS,0.0024089606,1.5499046068,0.0025089606,0.0068797248,0.0011042267,0.0068232307,0.0023087097,0.0023089606
2024-11-20,OOS,-0.0071710764,1.5387901224,-0.0070888092,-0.0005760140,-0.0050127656,0.0077073442,0.0000000000,-0.0072711046
2024-11-21,OOS,0.0000000000,1.5387901224,0.0000000000,0.0035971938,-0.0002515764,0.0119082612,0.0000000000,0.0000000000
2024-11-22,OOS,0.0000000000,1.5387901224,0.0000000000,0.0016040239,0.0030996750,0.0143513699,0.0000000000,0.0000000000
2024-11-25,OOS,-0.0056395734,1.5301120026,-0.0054401174,0.0015816841,0.0033923888,-0.0036421082,-0.0056395734,-0.0058390294
2024-11-26,OOS,0.0000000000,1.5301120026,0.0000000000,0.0053889733,0.0052220141,0.0000000000,0.0000000000,0.0000000000
2024-11-27,OOS,0.0000000000,1.5301120026,0.0000000000,-0.0078928768,-0.0042788114,0.0068921986,0.0000000000,0.0000000000
2024-11-29,OOS,-0.0001392341,1.5298989587,-0.0000392341,0.0087868593,0.0014959377,-0.0061547907,-0.0002392302,-0.0002392341
2024-12-02,OOS,0.0108889926,1.5465580171,0.0108874765,0.0108879036,0.0017925613,0.0000000000,0.0046861674,0.0108900817
2024-12-03,OOS,0.0030665379,1.5513005959,0.0030994978,0.0030662345,-0.0020051499,0.0035485172,0.0000000000,0.0030668413
2024-12-04,OOS,0.0123447468,1.5704510090,0.0125156937,0.0123435293,0.0031359254,0.0388656433,0.0056818778,0.0123459645
2024-12-05,OOS,-0.0029667009,1.5657919506,-0.0029425612,-0.0027520306,-0.0015975575,-0.0098468468,-0.0030056519,-0.0030667227
2024-12-06,OOS,0.0021844959,1.5692124167,0.0022844959,0.0089496177,-0.0025890217,-0.0017423698,0.0020842674,0.0020844959
2024-12-09,OOS,-0.0046585867,1.5619021047,-0.0045689918,-0.0077875703,0.0020123507,0.0018466703,0.0000000000,-0.0047586156
2024-12-10,OOS,0.0006679461,1.5629453711,0.0007679461,-0.0034074811,0.0030962842,0.0146885574,0.0005680229,0.0005679461
2024-12-11,OOS,-0.0063429059,1.5530317557,-0.0061023889,0.0179024203,-0.0055021303,-0.0121371419,0.0042729775,-0.0065442646
2024-12-12,OOS,-0.0064594576,1.5430000129,-0.0063878990,-0.0064538043,-0.0018614429,0.0000000000,0.0000000000,-0.0065594846
2024-12-13,OOS,-0.0041228694,1.5366384253,-0.0039232618,0.0076543210,-0.0008784034,0.0034737001,-0.0041228694,-0.0043224771
2024-12-16,OOS,0.0086535145,1.5499357483,0.0087535145,0.0144006936,-0.0033764049,-0.0070458488,0.0085526392,0.0085535145
2024-12-17,OOS,-0.0061389886,1.5404207103,-0.0060918463,-0.0044038129,-0.0059064720,-0.0086183387,0.0000000000,-0.0062390131
2024-12-18,OOS,0.0281210464,1.5837389525,0.0282210464,-0.0360768944,0.0247231773,0.0384652668,0.0280238685,0.0280210464
2024-12-19,OOS,0.0042092622,1.5904053250,0.0043276310,-0.0044533080,0.0002924243,-0.0035682279,0.0000000000,0.0042096716
2024-12-20,OOS,-0.0116309214,1.5719074457,-0.0119103932,0.0087325204,-0.0102306146,-0.0109316905,-0.0093849109,-0.0117269153
2024-12-23,OOS,0.0000000000,1.5719074457,0.0000000000,0.0081170709,0.0000000000,0.0000000000,0.0000000000,0.0000000000
2024-12-24,OOS,0.0077350829,1.5840662801,0.0078350829,0.0135597759,0.0074402145,0.0000000000,0.0076342994,0.0076350829
2024-12-26,OOS,-0.0006793640,1.5829901226,-0.0006846189,-0.0006792966,0.0000665291,-0.0038450839,-0.0014822132,-0.0006794314
2024-12-27,OOS,-0.0195086131,1.5521081807,-0.0193858542,-0.0134063444,-0.0131224699,-0.0137794493,-0.0057418929,-0.0198058160
2024-12-30,OOS,-0.0087465321,1.5385326167,-0.0085456775,-0.0131866029,-0.0061205470,0.0130783352,-0.0087465321,-0.0089473867
2024-12-31,OOS,0.0001737744,1.5387999743,0.0002737744,-0.0084947926,0.0000000000,0.0078998435,0.0000738017,0.0000737744
2025-01-02,OOS,-0.0094429888,1.5242691033,-0.0092529744,-0.0019560667,-0.0041642413,0.0020072735,-0.0012202900,-0.0096436532
2025-01-03,OOS,-0.0102512039,1.5086435099,-0.0100130677,0.0163651686,-0.0074496707,-0.0107015096,0.0018131774,-0.0104528200
2025-01-06,OOS,0.0070155735,1.5192275092,0.0071299112,0.0114929230,0.0039037062,-0.0027130983,-0.0059297042,0.0069155421
2025-01-07,OOS,0.0003850319,1.5198124603,0.0004850319,-0.0178442064,0.0002481037,-0.0122764893,0.0002850804,0.0002850319
2025-01-08,OOS,-0.0027765264,1.5155926610,-0.0026773762,0.0001746962,-0.0027824886,-0.0034462259,-0.0170940418,-0.0028769946
2025-01-10,OOS,0.0049218726,1.5230522150,0.0050218726,-0.0156422846,0.0067945460,0.0049187551,0.0048223748,0.0048218726
2025-01-13,OOS,0.0045083146,1.5299186135,0.0046295388,-0.0032530904,-0.0004895092,0.0083536687,-0.0066598473,0.0044102037
2025-01-14,OOS,0.0000000000,1.5299186135,0.0000000000,-0.0008901021,0.0000000000,-0.0140385885,0.0000000000,0.0000000000
2025-01-15,OOS,0.0045294495,1.5368483026,0.0046294495,0.0225099483,0.0025304215,-0.0015091641,0.0044289866,0.0044294495
2025-01-16,OOS,-0.0038174804,1.5309814144,-0.0037346820,-0.0065830235,-0.0018138688,0.0018154286,0.0000000000,-0.0039175085
2025-01-17,OOS,0.0037867082,1.5367787944,0.0038867082,0.0168784595,0.0098887577,0.0191094082,0.0036863196,0.0036867082
2025-01-21,OOS,-0.0035652509,1.5312997924,-0.0033775414,0.0058649902,0.0093065159,0.0162512612,-0.0010376285,-0.0037649130
2025-01-22,OOS,0.0127871030,1.5508806805,0.0127751123,0.0127858232,0.0055390555,0.0211910326,0.0014959914,0.0127883830
2025-01-23,OOS,-0.0036182838,1.5452691540,-0.0035602772,0.0021260183,0.0022895121,0.0017292743,0.0000000000,-0.0037183093
2025-01-24,OOS,0.0000000000,1.5452691540,0.0000000000,-0.0056510964,-0.0039212471,-0.0041313549,0.0000000000,0.0000000000
2025-01-27,OOS,0.0004831584,1.5460157638,0.0005831584,-0.0292468327,-0.0030450645,-0.0085995680,0.0003832167,0.0003831584
2025-01-28,OOS,-0.0055989141,1.5373597543,-0.0055011274,0.0150348154,-0.0025345867,-0.0032374941,0.0000000000,-0.0056999271
2025-01-29,OOS,0.0000000000,1.5373597543,0.0000000000,-0.0019928335,0.0000000000,-0.0172428002,0.0000000000,0.0000000000
2025-01-30,OOS,-0.0087538238,1.5239019779,-0.0085546793,0.0042624273,-0.0066011550,-0.0111327062,-0.0087538238,-0.0089529684
2025-01-31,OOS,-0.0090434775,1.5101206046,-0.0088443620,-0.0014530160,-0.0055305186,0.0000000000,-0.0090434775,-0.0092425931
2025-02-03,OOS,-0.0085566779,1.4971989891,-0.0083558423,-0.0080032166,-0.0082900603,-0.0112124368,-0.0085566779,-0.0087575135
2025-02-04,OOS,0.0000000000,1.4971989891,0.0000000000,0.0122753855,0.0000000000,-0.0096760019,0.0000000000,0.0000000000
2025-02-05,OOS,0.0022019557,1.5004957549,0.0023019557,0.0045379145,0.0025549847,0.0005627038,0.0021017255,0.0021019557
2025-02-06,OOS,0.0052202228,1.5083286771,0.0052317175,0.0052197020,-0.0015398348,0.0025726776,0.0035523255,0.0052207438
2025-02-07,OOS,-0.0134350711,1.4880641742,-0.0133378064,-0.0126321752,-0.0049992380,-0.0056637383,-0.0105039829,-0.0136337371
2025-02-10,OOS,-0.0099759438,1.4732193295,-0.0098708752,0.0121244574,-0.0044984247,0.0000000000,0.0000000000,-0.0100780108
2025-02-11,OOS,0.0000000000,1.4732193295,0.0000000000,-0.0023807274,-0.0006448781,0.0000000000,0.0000000000,0.0000000000
2025-02-12,OOS,0.0000000000,1.4732193295,0.0000000000,0.0005871323,-0.0079141883,-0.0073065311,0.0000000000,0.0000000000
2025-02-13,OOS,0.0101171618,1.4881241279,0.0102171618,0.0143857657,0.0059141739,-0.0066452283,0.0100161401,0.0100171618
2025-02-14,OOS,0.0041989602,1.4943727018,0.0042414417,0.0041985445,-0.0000492070,-0.0073469671,0.0017734011,0.0041993759
2025-02-18,OOS,-0.0031289008,1.4896969578,-0.0030726889,0.0022670259,-0.0015269404,-0.0060992618,-0.0039108926,-0.0032289261
2025-02-19,OOS,-0.0012016172,1.4879069122,-0.0011016172,0.0002781022,0.0042928665,-0.0100829971,-0.0013015071,-0.0013016172
2025-02-20,OOS,-0.0086009815,1.4751094524,-0.0083146448,-0.0042445136,-0.0072153538,0.0183366877,-0.0051269701,-0.0089002715
2025-02-21,OOS,0.0112497842,1.4917041154,0.0113497842,-0.0206801556,0.0111896580,0.0329500534,0.0111509191,0.0111497842
2025-02-24,OOS,0.0116139360,1.5090286716,0.0117445903,-0.0118794191,0.0044169948,0.0112320353,0.0064311518,0.0116150846
2025-02-25,OOS,0.0120316699,1.5271848064,0.0123083306,-0.0125993037,0.0046409787,0.0143061740,0.0074945641,0.0120328461
2025-02-26,OOS,-0.0069729283,1.5165358563,-0.0071219196,0.0024156472,-0.0055559993,-0.0131391104,0.0000000000,-0.0070674694
2025-02-27,OOS,0.0108136203,1.5329350992,0.0109136203,-0.0277712998,0.0066896729,0.0055797502,0.0107147116,0.0107136203
2025-02-28,OOS,-0.0153053414,1.5094730041,-0.0154708476,0.0156415536,-0.0076870431,-0.0117006335,0.0000000000,-0.0153068557
2025-03-03,OOS,-0.0113566105,1.4923305072,-0.0111542724,-0.0212460268,-0.0046596105,-0.0138098184,-0.0045831256,-0.0115577612
2025-03-04,OOS,-0.0016226171,1.4899090262,-0.0015147537,-0.0037200885,0.0005387429,-0.0142652063,-0.0123871610,-0.0017238330
2025-03-05,OOS,0.0000000000,1.4899090262,0.0000000000,0.0132404884,0.0000000000,0.0000000000,0.0000000000,0.0000000000
2025-03-06,OOS,-0.0008789759,1.4885994321,-0.0007789759,-0.0275094122,0.0000000000,0.0040625746,-0.0009790537,-0.0009789759
2025-03-07,OOS,-0.0088619713,1.4754075066,-0.0087532286,0.0073535436,-0.0101021540,0.0002122664,-0.0114377737,-0.0089639105
2025-03-10,OOS,0.0140599933,1.4961517263,0.0141599933,-0.0387563798,0.0068965991,0.0502964562,0.0139614093,0.0139599933
2025-03-11,OOS,-0.0102162302,1.4808666959,-0.0102602603,-0.0023903708,0.0082504543,-0.0172565441,-0.0145648236,-0.0103154763
2025-03-12,OOS,0.0000000000,1.4808666959,0.0000000000,0.0112807464,-0.0051470527,0.0000000000,0.0000000000,0.0000000000
2025-03-13,OOS,0.0000000000,1.4808666959,0.0000000000,-0.0179904386,0.0130657390,-0.0027546409,0.0000000000,0.0000000000
2025-03-14,OOS,-0.0002667570,1.4804716644,-0.0001667570,0.0241704744,-0.0111153043,-0.0266202950,-0.0003667403,-0.0003667570
2025-03-17,OOS,0.0064844079,1.4900716465,0.0064826781,0.0064837593,0.0078553510,0.0051041784,-0.0106664281,0.0064850566
2025-03-18,OOS,-0.0162567618,1.4658479067,-0.0162588069,-0.0168817449,-0.0096741884,-0.0179667918,0.0000000000,-0.0163567815
2025-03-19,OOS,0.0000000000,1.4658479067,0.0000000000,0.0132105685,-0.0051871838,-0.0091523860,0.0000000000,0.0000000000
2025-03-20,OOS,0.0000000000,1.4658479067,0.0000000000,-0.0033479590,-0.0035381950,0.0000000000,0.0000000000,0.0000000000
2025-03-21,OOS,0.0000000000,1.4658479067,0.0000000000,0.0032548823,-0.0072760528,0.0000000000,0.0000000000,0.0000000000
2025-03-24,OOS,0.0046926824,1.4727266654,0.0047926824,0.0200472091,0.0035012727,0.0062345992,0.0045922032,0.0045926824
2025-03-25,OOS,0.0060773114,1.4816768839,0.0061058303,0.0060767066,0.0024040857,0.0100638383,0.0014440049,0.0060779164
2025-03-26,OOS,-0.0043694065,1.4752028353,-0.0042257716,-0.0184006809,0.0002182974,-0.0114816825,0.0039328995,-0.0045689838
2025-03-27,OOS,0.0056516685,1.4835401927,0.0056744588,-0.0056980057,0.0026367581,0.0170866055,-0.0058109506,0.0056522314
2025-03-28,OOS,0.0258189914,1.5218437041,0.0260696149,-0.0263278103,0.0197672193,0.0269622537,0.0210085494,0.0258215487
2025-03-31,OOS,0.0030831533,1.5265357816,0.0032895413,-0.0000426494,-0.0021445301,0.0084033797,-0.0081483930,0.0029906775
2025-04-01,OOS,0.0000000000,1.5265357816,0.0000000000,0.0080610765,-0.0081501121,0.0000000000,0.0000000000,0.0000000000
2025-04-02,OOS,0.0026377066,1.5305623352,0.0027377066,0.0072984980,0.0020658086,0.0325239901,0.0025374329,0.0025377066
2025-04-03,OOS,-0.0226487139,1.4958970667,-0.0219439605,-0.0534285414,-0.0153972829,-0.0271646039,0.0159012421,-0.0228465198
2025-04-04,OOS,0.0602474108,1.5860209918,0.0612113472,-0.0622129529,0.0560547224,0.0598523813,0.0281253224,0.0602533413
2025-04-07,OOS,-0.0020670612,1.5827425894,-0.0022266610,0.0024132302,0.0019759972,-0.0214728737,-0.0312413390,-0.0020672531
2025-04-08,OOS,-0.0287424802,1.5372506419,-0.0308021437,-0.0180084496,-0.0261166760,0.0000000000,0.0000000000,-0.0288340678
2025-04-09,OOS,0.0490478488,1.6126494789,0.0491478488,0.1200307648,0.0193365988,0.0460995440,0.0489429340,0.0489478488
2025-04-10,OOS,-0.0582757026,1.5186711974,-0.0610351892,-0.0425965665,-0.0454865297,-0.0519372046,0.0000000000,-0.0583754586
2025-04-11,OOS,0.0000000000,1.5186711974,0.0000000000,0.0184915387,0.0000000000,0.0000000000,0.0000000000,0.0000000000
2025-04-14,OOS,0.0000000000,1.5186711974,0.0000000000,0.0067781690,0.0000000000,0.0000000000,0.0000000000,0.0000000000
2025-04-15,OOS,0.0000000000,1.5186711974,0.0000000000,0.0011148028,0.0000000000,0.0000000000,0.0000000000,0.0000000000
2025-04-16,OOS,0.0134909394,1.5391594985,0.0135909394,-0.0301534968,0.0129118853,0.0017515555,0.0133922985,0.0133909394
2025-04-17,OOS,0.0003505889,1.5396991107,0.0003553187,-0.0003602143,-0.0071235995,0.0040108831,0.0000000000,0.0003506235
2025-04-21,OOS,0.0238974026,1.5764939203,0.0242282922,-0.0245709653,0.0106800108,0.0305892152,0.0090199364,0.0238997600
2025-04-22,OOS,-0.0153901025,1.5522315173,-0.0158783034,0.0262519914,-0.0144794987,-0.0117062778,0.0000000000,-0.0154857786
2025-04-23,OOS,-0.0135624185,1.5311795038,-0.0133637549,0.0229256659,-0.0121406446,-0.0141336680,-0.0135624185,-0.0137610821
2025-04-24,OOS,0.0067617841,1.5415330090,0.0068617841,0.0278883586,0.0021184332,0.0179897635,0.0066610979,0.0066617841
2025-04-25,OOS,0.0111490692,1.5587196672,0.0112244568,0.0111479619,0.0071522210,0.0167414859,0.0070677374,0.0111501768
2025-04-28,OOS,-0.0109049678,1.5417218795,-0.0110003986,-0.0003174200,-0.0078909489,-0.0099087104,-0.0084648561,-0.0110049780
2025-04-29,OOS,-0.0003003678,1.5412587958,-0.0002003678,0.0066044326,0.0007305348,0.0024082420,-0.0004003478,-0.0004003678
2025-04-30,OOS,-0.0346568798,1.4878435749,-0.0346154479,-0.0001261750,-0.0288265396,-0.0246537212,-0.0111003899,-0.0349520796
2025-05-01,OOS,-0.0019236074,1.4849815480,-0.0018236074,0.0130607609,-0.0028789766,-0.0103020408,-0.0020234251,-0.0020236074
2025-05-02,OOS,0.0117101584,1.5023709172,0.0118747499,0.0148438798,0.0143919304,0.0204033835,0.0016032831,0.0115089709
2025-05-05,OOS,-0.0074236181,1.4912178893,-0.0073368173,-0.0059325328,-0.0073710663,-0.0010055287,0.0000000000,-0.0075236467
2025-05-06,OOS,-0.0072516390,1.4804041155,-0.0070509339,-0.0093017513,-0.0059235719,-0.0201255615,-0.0072516390,-0.0074523440
2025-05-07,OOS,-0.0089966911,1.4670853770,-0.0087958115,0.0039675121,-0.0077099578,0.0000000000,-0.0089966911,-0.0091975707
2025-05-08,OOS,-0.0069139289,1.4569420530,-0.0068139289,0.0102830423,-0.0023075835,0.0020958674,-0.0070132475,-0.0070139289
2025-05-09,OOS,-0.0018407801,1.4542601432,-0.0017289073,-0.0006553483,-0.0010366806,-0.0073706372,0.0000000000,-0.0019408115
2025-05-12,OOS,0.0083392375,1.4663875639,0.0084392375,0.0407402094,0.0070695114,0.0066573668,0.0082383936,0.0082392375
2025-05-13,OOS,0.0152422322,1.4887385835,0.0153693407,0.0152407207,0.0066045426,0.0189763322,0.0093543694,0.0152437439
2025-05-14,OOS,0.0059937195,1.4976616650,0.0061358221,0.0059931341,0.0012781576,-0.0021851335,0.0022736606,0.0059943051
2025-05-15,OOS,0.0010990502,1.4993076704,0.0011318507,0.0010989435,0.0048848394,0.0000000000,-0.0058362197,0.0010991569
2025-05-16,OOS,0.0043528536,1.5058339371,0.0044876886,0.0043524314,0.0063854785,-0.0006752400,0.0000000000,0.0043532758
2025-05-19,OOS,-0.0087636298,1.4926373659,-0.0088496787,0.0009587544,0.0010434687,-0.0069516573,-0.0009082258,-0.0089627448
2025-05-20,OOS,-0.0049275041,1.4852823892,-0.0048240744,-0.0033332695,-0.0068916196,0.0000000000,0.0000000000,-0.0050275344
2025-05-21,OOS,0.0025825286,1.4891181734,0.0026825286,-0.0138581890,0.0028416795,0.0036997758,0.0024827968,0.0024825286
2025-05-22,OOS,-0.0084955528,1.4764672914,-0.0084169194,0.0018321444,-0.0055744090,-0.0117598644,0.0000000000,-0.0085967246
2025-05-23,OOS,-0.0078936831,1.4648125264,-0.0076929139,-0.0092607004,-0.0069577837,0.0000000000,-0.0078936831,-0.0080944524
2025-05-27,OOS,0.0053592102,1.4726627647,0.0054592102,0.0235252533,0.0069355354,0.0009574074,0.0052586643,0.0052592102
2025-05-28,OOS,-0.0044323506,1.4661354070,-0.0044561045,-0.0044319098,-0.0057859082,-0.0042462818,-0.0046727137,-0.0044327915
2025-05-29,OOS,0.0141991927,1.4869533462,0.0143135477,0.0019656588,0.0089687790,0.0000000000,0.0000000000,0.0140991613
2025-05-30,OOS,-0.0140727191,1.4660278695,-0.0137202151,-0.0015771354,-0.0056699780,0.0000000000,-0.0140727191,-0.0144712170
2025-06-02,OOS,0.0010863985,1.4676205600,0.0011863985,0.0078981333,0.0019456467,0.0000000000,0.0009862799,0.0009863985
2025-06-03,OOS,0.0078179097,1.4790942850,0.0078264031,0.0078171289,0.0057031893,0.0081557434,0.0060682776,0.0078186908
2025-06-04,OOS,0.0027880632,1.4832180933,0.0028129126,0.0027877868,-0.0002684425,-0.0018100552,-0.0002378184,0.0027883395
2025-06-05,OOS,-0.0039476917,1.4773628056,-0.0037864041,-0.0075269021,-0.0106155190,-0.0025855328,-0.0064491250,-0.0041473127
2025-06-06,OOS,-0.0120665919,1.4595360716,-0.0119558378,0.0097753387,-0.0147415216,0.0000000000,0.0000000000,-0.0121691537
2025-06-09,OOS,0.0000000000,1.4595360716,0.0000000000,0.0014719203,0.0009013822,-0.0032997558,0.0000000000,0.0000000000
2025-06-10,OOS,0.0029982425,1.4639121146,0.0030982425,0.0066139062,0.0055368404,-0.0026498673,0.0028979326,0.0028982425
2025-06-11,OOS,-0.0057532158,1.4554899123,-0.0056707225,-0.0033694614,-0.0043786151,-0.0058382819,-0.0040139208,-0.0058532439
2025-06-12,OOS,0.0000000000,1.4554899123,0.0000000000,0.0023478147,0.0000000000,0.0014844469,0.0000000000,0.0000000000
2025-06-13,OOS,0.0053168318,1.4632285074,0.0054168318,-0.0125548102,-0.0056483962,-0.0065528031,0.0052173735,0.0052168318
2025-06-16,OOS,-0.0108674554,1.4473269369,-0.0107298033,0.0138720206,-0.0098245422,0.0000000000,-0.0012096034,-0.0110672374
2025-06-17,OOS,-0.0062205115,1.4383238230,-0.0061143210,-0.0097141895,-0.0045468153,0.0000000000,0.0000000000,-0.0063205422
2025-06-18,OOS,0.0000000000,1.4383238230,0.0000000000,-0.0001701066,0.0000000000,0.0000826988,0.0000000000,0.0000000000
2025-06-20,OOS,-0.0011644162,1.4366490155,-0.0010644162,-0.0043857162,0.0031206119,0.0092340648,-0.0012645226,-0.0012644162
2025-06-23,OOS,-0.0054290412,1.4288493887,-0.0053220809,0.0095885469,-0.0041464573,-0.0078152810,0.0000000000,-0.0055303509
2025-06-24,OOS,0.0040487600,1.4346344570,0.0041487600,0.0150831265,0.0039540764,0.0062269747,0.0039483451,0.0039487600
2025-06-25,OOS,0.0026311584,1.4384092075,0.0026418113,0.0026308964,-0.0011415732,-0.0025137804,-0.0040664469,0.0026314205
2025-06-26,OOS,0.0093512134,1.4518600789,0.0094137783,0.0093502846,0.0042493960,0.0000000000,0.0021118651,0.0093521424
2025-06-27,OOS,-0.0013998503,1.4498276921,-0.0013209057,0.0034235290,-0.0004268446,0.0000000000,-0.0032661142,-0.0014998778
2025-06-30,OOS,0.0003533996,1.4503400606,0.0004533996,0.0064770384,-0.0000190808,-0.0001543358,0.0002533543,0.0002533996
2025-07-01,OOS,-0.0040337347,1.4444897736,-0.0039355084,-0.0084656660,-0.0036925336,-0.0103563087,0.0000000000,-0.0041337645
2025-07-02,OOS,0.0000000000,1.4444897736,0.0000000000,0.0070022122,0.0014819975,0.0000000000,0.0000000000,0.0000000000
2025-07-03,OOS,0.0041610046,1.4505003021,0.0042610046,0.0098402324,0.0078821634,0.0075891495,0.0040605785,0.0040610046
2025-07-07,OOS,-0.0070936426,1.4402109714,-0.0070234355,-0.0075329905,-0.0088616282,-0.0099061449,0.0000000000,-0.0071936695
2025-07-08,OOS,0.0000000000,1.4402109714,0.0000000000,0.0005615637,0.0000000000,0.0000000000,0.0000000000,0.0000000000
2025-07-09,OOS,-0.0047596215,1.4333561122,-0.0045600776,0.0070789731,0.0000000000,0.0000000000,-0.0047596215,-0.0049591655
2025-07-10,OOS,0.0000000000,1.4333561122,0.0000000000,-0.0014382022,0.0015004609,0.0047229647,0.0000000000,0.0000000000
2025-07-11,OOS,0.0000000000,1.4333561122,0.0000000000,-0.0022504276,-0.0064916232,0.0147902065,0.0000000000,0.0000000000
2025-07-14,OOS,-0.0049469928,1.4262653099,-0.0046501034,0.0036268495,0.0000000000,-0.0129811799,-0.0050465081,-0.0052467815
2025-07-15,OOS,0.0009170116,1.4275732118,0.0009162280,0.0009169199,0.0000000000,-0.0060532239,-0.0034887920,0.0009171034
2025-07-16,OOS,0.0009058816,1.4288664241,0.0010060543,0.0010238540,-0.0041917084,0.0007114939,0.0000000000,0.0008058516
2025-07-17,OOS,0.0026308262,1.4326255234,0.0027308262,0.0080927345,0.0020842395,0.0136626882,0.0025305531,0.0025308262
2025-07-18,OOS,-0.0024318000,1.4291416646,-0.0023381584,-0.0009611962,-0.0007325105,-0.0042427913,-0.0034717728,-0.0025318293
2025-07-21,OOS,0.0005268132,1.4298945553,0.0007268859,0.0052025799,0.0030868343,0.0000000000,0.0005268132,0.0003267405
2025-07-22,OOS,-0.0034005203,1.4250321699,-0.0032002002,-0.0051933780,0.0000000000,-0.0083099536,-0.0034005203,-0.0036008403
2025-07-23,OOS,0.0000000000,1.4250321699,0.0000000000,0.0045612472,0.0033015758,0.0000000000,0.0000000000,0.0000000000
2025-07-24,OOS,-0.0018491166,1.4223971193,-0.0017491166,0.0021283766,0.0003311536,0.0012742015,-0.0019489417,-0.0019491166
2025-07-25,OOS,0.0024072782,1.4258212248,0.0024028269,0.0024070370,0.0040828758,0.0053539107,-0.0011700575,0.0024075194
2025-07-28,OOS,0.0031254779,1.4302775975,0.0031272085,0.0031251655,-0.0011988929,-0.0012205371,-0.0004463328,0.0031257903
2025-07-29,OOS,-0.0015490683,1.4280619998,-0.0015547703,-0.0015489140,-0.0026070301,-0.0060801853,-0.0028075065,-0.0015492227
2025-07-30,OOS,-0.0047124696,1.4213323010,-0.0045211040,0.0013397736,-0.0047077387,0.0000000000,-0.0031312911,-0.0049120173
2025-07-31,OOS,-0.0069834978,1.4114064301,-0.0067625257,-0.0052991092,-0.0059477050,0.0016771789,-0.0002177009,-0.0071847624
2025-08-01,OOS,0.0197014339,1.4392131605,0.0196991150,-0.0196987664,0.0008480805,0.0270396590,0.0014404243,0.0197034045
2025-08-04,OOS,-0.0131168491,1.4203352187,-0.0132743363,0.0184516502,-0.0098143968,-0.0124862164,0.0000000000,-0.0132155963
2025-08-05,OOS,0.0000000000,1.4203352187,0.0000000000,-0.0067895763,0.0000000000,-0.0112809634,0.0000000000,0.0000000000
2025-08-06,OOS,0.0005879156,1.4211702559,0.0006879156,0.0125832188,0.0000738663,0.0000000000,0.0004878468,0.0004879156
2025-08-07,OOS,-0.0026911400,1.4173456878,-0.0025929127,0.0034372136,-0.0036241415,0.0056055152,-0.0041961023,-0.0027911699
2025-08-08,OOS,0.0010674915,1.4188586922,0.0011674915,0.0092750365,0.0000000000,-0.0002706166,0.0009673747,0.0009674915
2025-08-11,OOS,-0.0023452451,1.4155311207,-0.0022478567,-0.0029588374,-0.0030183840,-0.0034467658,-0.0032604570,-0.0024452748
2025-08-12,OOS,0.0045243375,1.4219354613,0.0046243375,0.0125687353,0.0032408789,-0.0050880066,0.0044238751,0.0044243375
2025-08-13,OOS,0.0005000067,1.4226464385,0.0005022689,0.0004999569,0.0034234534,0.0000000000,-0.0038888448,0.0005000565
2025-08-14,OOS,-0.0007754847,1.4215431980,-0.0007793827,-0.0007754075,0.0000775403,-0.0007541190,0.0000000000,-0.0007755618
2025-08-15,OOS,-0.0029593813,1.4173363097,-0.0027712142,-0.0043973857,-0.0036817360,-0.0047298875,-0.0004425745,-0.0031591040
2025-08-18,OOS,0.0004332739,1.4179504044,0.0004331254,-0.0004330204,0.0000000000,0.0000000000,0.0000000000,0.0004333172
2025-08-19,OOS,0.0135296131,1.4371347248,0.0135308385,-0.0135334177,0.0020989333,0.0108420340,0.0088008130,0.0135309661
2025-08-20,OOS,0.0059368466,1.4456667732,0.0061157311,-0.0059373243,0.0024451695,0.0006765564,-0.0001116207,0.0058407237
2025-08-21,OOS,0.0000000000,1.4456667732,0.0000000000,-0.0046297932,0.0000000000,0.0000000000,0.0000000000,0.0000000000
2025-08-22,OOS,-0.0010170386,1.4441964743,-0.0009170386,0.0154274961,0.0008151401,-0.0006650730,-0.0011169469,-0.0011170386
2025-08-25,OOS,-0.0035267635,1.4391031349,-0.0034236107,-0.0028847667,-0.0019131200,-0.0082030186,0.0000000000,-0.0036267938
2025-08-26,OOS,0.0000000000,1.4391031349,0.0000000000,0.0040152897,0.0000000000,0.0000000000,0.0000000000,0.0000000000
2025-08-27,OOS,-0.0002743406,1.4387083306,-0.0001743406,0.0015368226,0.0010303109,-0.0002465311,-0.0003743231,-0.0003743406
2025-08-28,OOS,0.0062605435,1.4477154267,0.0062588260,0.0062599173,0.0036564272,0.0152659663,-0.0038416979,0.0062611698
2025-08-29,OOS,-0.0072563136,1.4372103495,-0.0071001752,-0.0115755181,-0.0053916095,-0.0101459258,-0.0009193828,-0.0074556034
2025-09-02,OOS,0.0083929885,1.4492728394,0.0083861120,-0.0083800842,-0.0094180885,-0.0071593768,-0.0057114663,0.0083938286
2025-09-03,OOS,-0.0063849971,1.4400192365,-0.0063334444,0.0078616386,0.0000000000,0.0000000000,0.0000000000,-0.0064847574
2025-09-04,OOS,0.0034065071,1.4449246723,0.0035065071,0.0090573612,0.0056177389,-0.0079837361,0.0033061564,0.0033065071
2025-09-05,OOS,0.0014430449,1.4470097634,0.0014479606,0.0014429011,-0.0059855316,-0.0107513252,-0.0051610006,0.0014431887
2025-09-08,OOS,0.0048784495,1.4540689276,0.0049021318,0.0048779641,0.0000000000,0.0080478006,0.0000000000,0.0048789351
2025-09-09,OOS,-0.0025530626,1.4503565986,-0.0024772339,0.0028331059,0.0000000000,-0.0040175212,0.0000000000,-0.0026530899
2025-09-10,OOS,-0.0054049495,1.4425174944,-0.0052054700,0.0003272984,-0.0022958095,-0.0070278778,-0.0054049495,-0.0056044289
2025-09-11,OOS,-0.0001684791,1.4422744604,-0.0000684791,0.0058205614,0.0030423036,0.0000000000,-0.0002684722,-0.0002684791
2025-09-12,OOS,0.0044176449,1.4486459168,0.0044169006,0.0044172031,-0.0003345680,-0.0011860165,0.0013363118,0.0044180868
2025-09-15,OOS,0.0085577675,1.4610430918,0.0085941245,0.0085569154,0.0053244536,-0.0102538069,0.0042302697,0.0085586197
2025-09-16,OOS,-0.0008451348,1.4598083134,-0.0008559885,-0.0008450514,-0.0014678190,-0.0058686899,-0.0023787106,-0.0008452183
2025-09-17,OOS,-0.0066942475,1.4500359952,-0.0064285727,-0.0019960080,-0.0087131854,-0.0084416294,-0.0045403948,-0.0069938008
2025-09-18,OOS,0.0036744061,1.4553640164,0.0038747936,0.0090169492,-0.0021192887,0.0080146290,0.0036744061,0.0034740187
2025-09-19,OOS,0.0011194715,1.4569932549,0.0012194715,0.0067694685,-0.0010512982,0.0157784615,0.0010193495,0.0010194715
2025-09-22,OOS,0.0047556264,1.4639221705,0.0047609502,0.0047551514,0.0025691328,0.0051208908,0.0030065428,0.0047561015
2025-09-23,OOS,-0.0047311019,1.4569962056,-0.0045558584,-0.0066904683,-0.0014572687,-0.0096235355,-0.0013063683,-0.0049306461
2025-09-24,OOS,0.0034702368,1.4620523274,0.0034660508,-0.0034622207,-0.0011751223,0.0050663386,0.0012575054,0.0034705843
2025-09-25,OOS,0.0043749773,1.4684487731,0.0043848639,-0.0043952357,0.0046239167,0.0113815155,-0.0062825272,0.0043754139
2025-09-26,OOS,-0.0041397868,1.4623697083,-0.0041672943,0.0041955921,-0.0045892076,-0.0058425453,0.0000000000,-0.0041401981
2025-09-29,OOS,-0.0123562225,1.4443003427,-0.0121111870,0.0046311056,-0.0011912019,0.0002312947,-0.0044949887,-0.0126548158
2025-09-30,OOS,0.0000000000,1.4443003427,0.0000000000,0.0027391312,-0.0011475095,-0.0115988902,0.0000000000,0.0000000000
2025-10-01,OOS,0.0028427412,1.4484061149,0.0029427412,0.0047970418,0.0034453798,0.0000000000,0.0027424470,0.0027427412
2025-10-02,OOS,0.0041114750,1.4543612004,0.0041231629,0.0041110651,0.0010769956,-0.0008045427,0.0022822501,0.0041118850
2025-10-03,OOS,-0.0038640606,1.4487414606,-0.0037906497,-0.0042097964,0.0000298885,-0.0035702444,0.0000000000,-0.0039640877
2025-10-06,OOS,-0.0015869583,1.4464423683,-0.0014869583,0.0075267748,0.0035416826,-0.0051685215,-0.0016868096,-0.0016869583
2025-10-07,OOS,-0.0028808964,1.4422753178,-0.0027767509,-0.0052984927,-0.0005988108,-0.0035336258,0.0000000000,-0.0029809268
2025-10-08,OOS,0.0025565216,1.4459625258,0.0026565216,0.0114805624,0.0000000000,-0.0058369428,0.0024562559,0.0024565216
2025-10-09,OOS,-0.0050064590,1.4387233737,-0.0049194844,-0.0011759126,0.0000000000,0.0000000000,0.0000000000,-0.0051064876
2025-10-10,OOS,0.0190973171,1.4661991301,0.0195840649,-0.0350176267,0.0239760390,0.0156560844,0.0190006574,0.0187934784
2025-10-13,OOS,-0.0214458498,1.4347552439,-0.0219122190,0.0215072921,-0.0152462789,-0.0186761045,0.0000000000,-0.0215449321
2025-10-14,OOS,0.0000000000,1.4347552439,0.0000000000,-0.0066610189,0.0000000000,-0.0100620394,0.0000000000,0.0000000000
2025-10-15,OOS,-0.0125099234,1.4168065657,-0.0123111545,0.0070568562,-0.0111551394,0.0000000000,-0.0125099234,-0.0127086923
2025-10-16,OOS,-0.0068266457,1.4071345292,-0.0066273085,-0.0037029657,-0.0035172198,0.0000000000,-0.0068266457,-0.0070259830
2025-10-17,OOS,0.0000000000,1.4071345292,0.0000000000,0.0065351089,-0.0038351756,-0.0047916548,0.0000000000,0.0000000000
2025-10-20,OOS,0.0042850285,1.4131641407,0.0043850285,0.0126657736,0.0024837478,-0.0079080262,0.0041845900,0.0041850285
2025-10-21,OOS,-0.0017842266,1.4106427356,-0.0016916028,-0.0002943293,-0.0000148980,0.0098360221,0.0000000000,-0.0018842558
2025-10-22,OOS,-0.0049506511,1.4036591356,-0.0046533248,-0.0096339429,-0.0029407164,-0.0173742756,-0.0050502911,-0.0052504651
2025-10-23,OOS,-0.0048800842,1.3968091609,-0.0047759911,0.0084064146,-0.0033049153,0.0000000000,0.0000000000,-0.0049811963
2025-10-24,OOS,0.0001107072,1.3969637977,0.0002107072,0.0106783714,-0.0000852344,-0.0027795357,0.0000106861,0.0000107072
2025-10-27,OOS,0.0178108878,1.4218449632,0.0178128596,0.0178091071,0.0117839501,0.0093122121,0.0046309757,0.0178126689
2025-10-28,OOS,0.0076907362,1.4327799977,0.0078285816,0.0076899807,0.0026416714,-0.0013958017,0.0028901707,0.0076914918
2025-10-29,OOS,-0.0034969550,1.4277696306,-0.0034847724,0.0045029388,-0.0097741811,0.0023969529,-0.0081417052,-0.0035969757
2025-10-30,OOS,0.0020994485,1.4307671594,0.0021994485,-0.0152885477,0.0036953167,0.0107947626,0.0019996685,0.0019994485
2025-10-31,OOS,-0.0099137164,1.4165829396,-0.0098337663,0.0048238959,-0.0032557513,-0.0140381168,0.0000000000,-0.0100152682
2025-11-03,OOS,0.0000000000,1.4165829396,0.0000000000,0.0047848411,-0.0018895236,0.0000000000,0.0000000000,0.0000000000
2025-11-04,OOS,0.0076393924,1.4274047725,0.0077393924,-0.0202980635,0.0119015865,0.0097447514,0.0075401663,0.0075393924
2025-11-05,OOS,-0.0066189885,1.4179567967,-0.0065696706,0.0066209124,-0.0044926531,0.0021886172,-0.0063642055,-0.0067187811
2025-11-06,OOS,0.0065421983,1.4272333512,0.0066421983,-0.0187374669,0.0055665628,0.0213142553,0.0064428625,0.0064421983
2025-11-07,OOS,0.0050003338,1.4343699943,0.0051318696,-0.0031552962,0.0012879266,-0.0001869868,-0.0058110648,0.0049026406
2025-11-10,OOS,0.0017164282,1.4368319875,0.0018164282,0.0221241841,0.0028584057,0.0005162041,0.0016162466,0.0016164282
2025-11-11,OOS,-0.0079783199,1.4253684822,-0.0078926218,-0.0027598158,0.0023042081,-0.0077148000,0.0000000000,-0.0080783485
2025-11-12,OOS,0.0000000000,1.4253684822,0.0000000000,-0.0007240431,0.0005564243,0.0013451736,0.0000000000,0.0000000000
2025-11-13,OOS,-0.0008916683,1.4240975263,-0.0005463605,-0.0203845039,-0.0049009578,0.0273219094,-0.0009903243,-0.0011928864
2025-11-14,OOS,-0.0061369487,1.4153579129,-0.0060754532,0.0007560815,-0.0048471020,-0.0128262918,-0.0105784432,-0.0062369162
2025-11-17,OOS,0.0000000000,1.4153579129,0.0000000000,-0.0085405512,-0.0044755752,0.0000000000,0.0000000000,0.0000000000
2025-11-18,OOS,-0.0082535262,1.4036762192,-0.0080527209,-0.0121757281,0.0084722165,0.0019980122,-0.0082535262,-0.0084543315
2025-11-19,OOS,0.0000000000,1.4036762192,0.0000000000,0.0058207979,-0.0085010826,0.0049595098,0.0000000000,0.0000000000
2025-11-20,OOS,-0.0064966836,1.3945569790,-0.0061274561,-0.0235269207,-0.0031402769,0.0051960380,-0.0065948835,-0.0067953914
2025-11-21,OOS,-0.0142936095,1.3746237260,-0.0142752873,0.0075127632,-0.0148059864,-0.0107410539,-0.0138748822,-0.0143953022
2025-11-24,OOS,0.0003132846,1.3750543745,0.0004132846,0.0255732371,-0.0004737368,0.0000000000,0.0002132433,0.0002132846
2025-11-25,OOS,-0.0045811284,1.3687550738,-0.0043568261,0.0061653117,0.0094974132,0.0030082442,0.0033448213,-0.0047806928
2025-11-26,OOS,0.0088349738,1.3808479891,0.0088654119,0.0088340935,0.0069338150,-0.0021324147,0.0022476557,0.0088358544
2025-11-28,OOS,0.0081079850,1.3920438839,0.0082077991,0.0081071841,0.0054294000,0.0108791280,0.0022279239,0.0081087860
2025-12-01,OOS,-0.0095469023,1.3787541769,-0.0096416917,-0.0032781591,-0.0061433983,-0.0001921794,0.0000000000,-0.0096469126
2025-12-02,OOS,-0.0055052769,1.3711637534,-0.0053058074,0.0078309193,0.0000000000,0.0110524394,-0.0055052769,-0.0057047463
2025-12-03,OOS,-0.0006289733,1.3703013280,-0.0005289733,0.0023576754,-0.0001073111,0.0026235796,-0.0007289204,-0.0007289733
2025-12-04,OOS,-0.0038849730,1.3649777444,-0.0037829606,-0.0009302027,0.0008189270,0.0119071292,0.0000000000,-0.0039850032
2025-12-05,OOS,0.0005239102,1.3656928701,0.0006239102,0.0040774392,0.0018118546,0.0139907061,0.0004238478,0.0004239102
2025-12-08,OOS,-0.0033295295,1.3611457553,-0.0032315347,-0.0019185266,-0.0017771523,-0.0037629619,0.0000000000,-0.0034295593
2025-12-09,OOS,0.0000000000,1.3611457553,0.0000000000,0.0012334209,0.0000000000,0.0000000000,0.0000000000,0.0000000000
2025-12-10,OOS,-0.0009278541,1.3598828107,-0.0008278541,0.0040956723,-0.0005361289,-0.0055311647,-0.0010277713,-0.0010278541
2025-12-11,OOS,-0.0156422815,1.3386111409,-0.0153962296,-0.0032344928,-0.0072108392,-0.0061048431,-0.0074139315,-0.0159406079
2025-12-12,OOS,0.0041839061,1.3442117643,0.0042839061,-0.0191182583,-0.0059244543,0.0027550282,0.0040843345,0.0040839061
2025-12-15,OOS,0.0049770669,1.3509019962,0.0049978905,-0.0050193931,0.0015435912,0.0237594566,-0.0075678984,0.0049775626
2025-12-16,OOS,-0.0021082815,1.3480539145,-0.0020283647,0.0019818521,0.0009423412,-0.0091867701,-0.0046662715,-0.0022068716
2025-12-17,OOS,0.0099412201,1.3614552152,0.0100412201,-0.0185369841,0.0045697799,0.0000000000,0.0098422242,0.0098412201
2025-12-18,OOS,-0.0121149738,1.3449612210,-0.0121352020,0.0144900984,-0.0073013435,-0.0088090119,0.0000000000,-0.0122154063
2025-12-19,OOS,0.0010032334,1.3463105311,0.0011032334,0.0130354123,0.0000000000,0.0031519553,0.0009031231,0.0009032334
2025-12-22,OOS,0.0035008764,1.3510237978,0.0035043886,0.0035005267,0.0022711250,0.0110452603,-0.0002807335,0.0035012262
2025-12-23,OOS,0.0046838531,1.3573517949,0.0047049662,0.0046833869,0.0045562632,-0.0070839115,0.0002985027,0.0046843195
2025-12-24,OOS,0.0029258175,1.3613231585,0.0029527719,0.0029255276,0.0035179958,0.0000000000,0.0008267067,0.0029261075
2025-12-26,OOS,-0.0000961741,1.3611922345,-0.0000973441,-0.0000961646,-0.0001981714,0.0000000000,-0.0020548463,-0.0000961836
2025-12-29,OOS,-0.0070764315,1.3515598509,-0.0068212197,-0.0048247231,-0.0053244306,0.0000000000,-0.0042635424,-0.0073758515
2025-12-30,OOS,0.0000000000,1.3515598509,0.0000000000,-0.0023032568,0.0000000000,-0.0049338287,0.0000000000,0.0000000000
2025-12-31,OOS,0.0062406823,1.3599945065,0.0063406823,-0.0082656636,0.0057175986,0.0077782241,0.0061413163,0.0061406823
2026-01-02,OOS,-0.0103299459,1.3459458368,-0.0101968293,-0.0019371327,-0.0019571701,0.0285930651,-0.0009182281,-0.0105295493
2026-01-05,OOS,-0.0085135708,1.3344870316,-0.0084056930,0.0079429802,-0.0074692140,-0.0123669791,0.0000000000,-0.0086154281
2026-01-06,OOS,0.0005498508,1.3352208003,0.0006498508,0.0091182705,0.0059770416,0.0026195938,0.0004497858,0.0004498508
2026-01-07,OOS,0.0006334568,1.3360666049,0.0006338051,0.0006333935,-0.0015888573,0.0125835237,-0.0010485261,0.0006335201
2026-01-08,OOS,-0.0080484722,1.3253133101,-0.0079586663,-0.0056889202,0.0000000000,-0.0178487056,0.0000000000,-0.0081485011
2026-01-09,OOS,0.0000000000,1.3253133101,0.0000000000,0.0100327171,-0.0002440569,-0.0080020589,0.0000000000,0.0000000000
2026-01-12,OOS,-0.0014057533,1.3234502465,-0.0013057533,0.0007579445,0.0016786729,-0.0002949127,-0.0015056227,-0.0015057533
2026-01-13,OOS,-0.0013436921,1.3216719369,-0.0012420580,-0.0014828515,-0.0026531032,-0.0116483813,0.0000000000,-0.0014437223
2026-01-14,OOS,0.0000291093,1.3217104098,0.0001291093,-0.0106828053,-0.0012601601,0.0220781898,-0.0000708778,-0.0000708907
2026-01-15,OOS,-0.0115753873,1.3064111000,-0.0114745897,0.0035993867,-0.0054878120,0.0122217728,0.0000000000,-0.0116776866
2026-01-16,OOS,0.0000000000,1.3064111000,0.0000000000,-0.0011660073,0.0000000000,0.0137589773,0.0000000000,0.0000000000
2026-01-20,OOS,0.0075864076,1.3163220671,0.0076864076,-0.0209240727,0.0081407529,0.0219740983,0.0074871763,0.0074864076
2026-01-21,OOS,-0.0124090276,1.2999877902,-0.0124026960,0.0135184028,-0.0101465422,0.0047881758,0.0000000000,-0.0125099844
2026-01-22,OOS,0.0000000000,1.2999877902,0.0000000000,0.0072694230,-0.0026624321,-0.0099739671,0.0000000000,0.0000000000
2026-01-23,OOS,-0.0006617346,1.2991275432,-0.0005617346,0.0031574199,0.0001741880,0.0082632057,-0.0007616785,-0.0007617346
2026-01-26,OOS,0.0044004917,1.3048443432,0.0043975797,0.0044000514,0.0052682686,0.0112600368,-0.0025286129,0.0044009321
2026-01-27,OOS,0.0089487059,1.3165210114,0.0089821368,0.0089478144,0.0040062892,-0.0116360842,0.0041388464,0.0089495975
2026-01-28,OOS,0.0034287162,1.3210349883,0.0034723225,0.0034283776,-0.0010417710,0.0022665982,-0.0040580390,0.0034290548
2026-01-29,OOS,-0.0131585621,1.3036520674,-0.0130266851,-0.0060800354,-0.0017184363,0.0529285830,-0.0053227885,-0.0134569594
2026-01-30,OOS,0.0000000000,1.3036520674,0.0000000000,-0.0119166786,0.0000000000,0.0027807905,0.0000000000,0.0000000000
2026-02-02,OOS,0.0000000000,1.3036520674,0.0000000000,0.0068663869,-0.0011916874,0.0086973865,0.0000000000,0.0000000000
2026-02-03,OOS,-0.0012529530,1.3020186526,-0.0011529530,-0.0153639761,-0.0068961461,0.0450765671,-0.0013530683,-0.0013529530
2026-02-04,OOS,0.0175111012,1.3248184330,0.0174891606,-0.0174690197,-0.0087567535,0.0161876710,0.0073048875,0.0175128547
2026-02-05,OOS,0.0139339768,1.3432784223,0.0141602118,-0.0143953776,-0.0073809325,0.0428563130,-0.0111736742,0.0139353481
2026-02-06,OOS,-0.0115573052,1.3277537435,-0.0117083205,0.0211379663,0.0023094287,-0.0267214217,-0.0002164009,-0.0117524850
2026-02-09,OOS,0.0079670068,1.3383319667,0.0079660795,0.0079662101,0.0049670473,0.0078587817,0.0030593759,0.0079678037
2026-02-10,OOS,-0.0037071286,1.3333705980,-0.0036357970,-0.0049171156,-0.0009933167,0.0041155591,0.0000000000,-0.0038071556
2026-02-11,OOS,0.0000000000,1.3333705980,0.0000000000,0.0026574650,0.0000000000,-0.0266083073,0.0000000000,0.0000000000
2026-02-12,OOS,0.0097742232,1.3464032597,0.0098742232,-0.0203389278,0.0106309848,0.0050832043,0.0096752106,0.0096742232
2026-02-13,OOS,-0.0079021602,1.3357637655,-0.0078795971,0.0021310602,-0.0006753057,-0.0092457896,0.0000000000,-0.0080017871
2026-02-17,OOS,-0.0119488522,1.3198029218,-0.0117476774,-0.0010300372,-0.0027438209,0.0000000000,-0.0119488522,-0.0121500269
2026-02-18,OOS,-0.0032594017,1.3155011539,-0.0031594017,0.0074671545,-0.0022808982,0.0000000000,-0.0033590857,-0.0033594017
2026-02-19,OOS,-0.0045570015,1.3095064132,-0.0044429086,-0.0038297100,-0.0031890838,0.0000000000,0.0000000000,-0.0046570330
2026-02-20,OOS,-0.0077419604,1.2993682663,-0.0075427147,0.0088488243,0.0000000000,-0.0147565856,-0.0077419604,-0.0079412062
2026-02-23,OOS,0.0000000000,1.2993682663,0.0000000000,-0.0121548595,-0.0025974658,0.0478362249,0.0000000000,0.0000000000
2026-02-24,OOS,0.0000000000,1.2993682663,0.0000000000,0.0106582864,-0.0029729987,-0.0215867788,0.0000000000,0.0000000000
2026-02-25,OOS,0.0046739308,1.3054414236,0.0047739308,0.0145766839,0.0029539434,0.0017828975,0.0045734534,0.0045739308
2026-02-26,OOS,-0.0049323356,1.2990025484,-0.0048553971,-0.0120646040,-0.0034765349,0.0216493429,0.0000000000,-0.0050323632
2026-02-27,OOS,-0.0064955637,1.2905647946,-0.0062949342,-0.0030037424,-0.0046905349,-0.0296793216,-0.0064955637,-0.0066961932
2026-03-02,OOS,0.0000000000,1.2905647946,0.0000000000,0.0011195074,0.0000000000,-0.0021293380,0.0000000000,0.0000000000
2026-03-03,OOS,-0.0089221924,1.2790501271,-0.0087213203,-0.0107056521,-0.0074471014,-0.0035796781,-0.0089221924,-0.0091230645
2026-03-04,OOS,-0.0004764444,1.2784407309,-0.0003764444,0.0152431929,0.0000000000,0.0181919110,-0.0005764068,-0.0005764444
2026-03-05,OOS,-0.0078609599,1.2683909595,-0.0077580281,-0.0030126893,0.0000000000,0.0230050655,0.0000000000,-0.0079609903
2026-03-06,OOS,-0.0082478541,1.2579294559,-0.0080470494,-0.0150432740,-0.0073989314,0.0039952826,-0.0082478541,-0.0084486588
2026-03-09,OOS,-0.0091552132,1.2464128435,-0.0089543178,0.0133555648,-0.0083136383,-0.0102033449,-0.0091552132,-0.0093561087
2026-03-10,OOS,-0.0045717445,1.2407145625,-0.0044717445,0.0000164539,-0.0043056350,0.0007914271,-0.0046712973,-0.0046717445
2026-03-11,OOS,-0.0020744420,1.2381407720,-0.0019656020,-0.0001316287,-0.0037917922,-0.0153536853,0.0000000000,-0.0021744731
2026-03-12,OOS,0.0043173293,1.2434862334,0.0044173293,-0.0171633563,0.0062257146,0.0000000000,0.0042177710,0.0042173293
2026-03-13,OOS,-0.0055706731,1.2365591781,-0.0053759683,-0.0059270669,-0.0044775002,-0.0001406141,0.0035924528,-0.0057710850
2026-03-16,OOS,-0.0112006946,1.2227088564,-0.0111413135,0.0110995082,-0.0109793116,-0.0067346960,0.0000000000,-0.0113021850
2026-03-17,OOS,-0.0023161581,1.2198768693,-0.0022161581,0.0049974180,-0.0041237565,-0.0097905148,-0.0024159365,-0.0024161581
2026-03-18,OOS,0.0021726534,1.2225272389,0.0024122537,-0.0139397656,0.0032403774,0.0000000000,0.0065790938,0.0019724119
2026-03-19,OOS,-0.0002977013,1.2221632910,-0.0002003473,-0.0031601950,-0.0004866549,-0.0248635435,-0.0093764743,-0.0003964238
2026-03-20,OOS,0.0071317926,1.2308795061,0.0072317926,-0.0184816701,0.0069885068,-0.0024946860,0.0070325158,0.0070317926
2026-03-23,OOS,-0.0145458594,1.2129753058,-0.0145488658,0.0102051335,-0.0144979446,-0.0173970475,0.0000000000,-0.0146473322
2026-03-24,OOS,0.0000000000,1.2129753058,0.0000000000,-0.0068367347,0.0000000000,0.0102077385,0.0000000000,0.0000000000
2026-03-25,OOS,0.0000000000,1.2129753058,0.0000000000,0.0065755677,0.0000000000,-0.0130013793,0.0000000000,0.0000000000
2026-03-26,OOS,0.0090180686,1.2239140004,0.0091180686,-0.0238678507,0.0066765342,-0.0087855631,0.0089189804,0.0089180686
2026-03-27,OOS,0.0191856096,1.2473955366,0.0193586268,-0.0195367643,0.0166863546,0.0090133239,0.0115704293,0.0191875112
2026-03-30,OOS,0.0071032496,1.2562560984,0.0073048163,-0.0075189306,0.0033246199,-0.0139914602,0.0045419226,0.0071039404
2026-03-31,OOS,-0.0117812196,1.2414558695,-0.0121045971,0.0337243664,-0.0060809782,0.0041914680,0.0056373822,-0.0119765454
2026-04-01,OOS,0.0123370663,1.2567717929,0.0124078560,0.0123358398,0.0074113336,-0.0034985105,0.0043382801,0.0123382931
2026-04-02,OOS,-0.0199699040,1.2316741808,-0.0202324730,0.0011637857,-0.0146442809,-0.0205084230,0.0000000000,-0.0200698979
2026-04-06,OOS,-0.0075098056,1.2224245471,-0.0073105367,0.0060172997,0.0011949706,0.0000000000,-0.0075098056,-0.0077090746
2026-04-07,OOS,0.0000000000,1.2224245471,0.0000000000,0.0001529312,-0.0058257273,0.0000000000,0.0000000000,0.0000000000
2026-04-08,OOS,-0.0003309355,1.2220200035,-0.0002309355,0.0297320716,0.0013516798,-0.0119802243,-0.0004309124,-0.0004309355
2026-04-09,OOS,0.0067653486,1.2302873948,0.0067631097,0.0067646719,0.0056213642,0.0197488491,0.0000000000,0.0067660254
2026-04-10,OOS,0.0014587070,1.2320820236,0.0014680897,0.0014585621,-0.0004927974,0.0247039414,-0.0017507513,0.0014588520
2026-04-13,OOS,-0.0001166995,1.2319382402,0.0000677063,0.0105174445,0.0001363892,0.0008252201,0.0039086658,-0.0003167062
2026-04-14,OOS,0.0179125121,1.2540053488,0.0179843247,0.0179107281,0.0117963156,0.0100413784,0.0021710712,0.0179142963
2026-04-15,OOS,0.0140539740,1.2716291074,0.0143630687,0.0140525990,0.0082359166,0.0440448483,0.0111275251,0.0140553493
2026-04-16,OOS,0.0048169065,1.2777544260,0.0049920323,0.0048164418,0.0024575934,0.0166336288,0.0034508713,0.0048173714
2026-04-17,OOS,0.0130853978,1.2944743509,0.0136264594,0.0130841413,0.0120868026,0.0085364233,0.0043979176,0.0130866545
2026-04-20,OOS,-0.0051088452,1.2878610819,-0.0052847247,-0.0031748478,-0.0019517502,0.0143420652,0.0000000000,-0.0052088474
2026-04-21,OOS,0.0000000000,1.2878610819,0.0000000000,-0.0038033983,0.0024076149,0.0042031208,0.0000000000,0.0000000000
2026-04-22,OOS,0.0059969991,1.2955843837,0.0060969991,0.0167305573,-0.0066297419,-0.0020559136,0.0058963894,0.0058969991
2026-04-23,OOS,-0.0050457412,1.2890472001,-0.0049758884,-0.0056326418,-0.0057495363,-0.0370166463,-0.0065558356,-0.0051457681
2026-04-24,OOS,0.0080382284,1.2994088559,0.0081382284,0.0192809555,0.0006568856,-0.0155250727,0.0079374146,0.0079382284
2026-04-27,OOS,0.0003765547,1.2998981545,0.0003795815,0.0003765174,0.0015547990,-0.0075204741,0.0000000000,0.0003765921
2026-04-28,OOS,-0.0083351022,1.2890633704,-0.0083052443,-0.0100567574,-0.0065606434,-0.0037702200,0.0000000000,-0.0084351250
2026-04-29,OOS,0.0000000000,1.2890633704,0.0000000000,0.0061136035,0.0000000000,-0.0109397677,0.0000000000,0.0000000000
2026-04-30,OOS,0.0030850005,1.2930401315,0.0031850005,0.0093262996,0.0045973298,-0.0139457087,0.0029846820,0.0029850005
2026-05-01,OOS,0.0096454339,1.3055120646,0.0096751900,0.0096444724,0.0027971504,-0.0141735818,0.0017094680,0.0096463956
2026-05-04,OOS,-0.0021766040,1.3026704818,-0.0021033022,-0.0019282684,-0.0009325679,0.0092738044,-0.0055513276,-0.0022766310
2026-05-05,OOS,0.0019876520,1.3052597374,0.0020876520,0.0129740816,-0.0012799206,-0.0139381414,0.0018874432,0.0018876520
2026-05-06,OOS,0.0205269820,1.3320527806,0.0205677825,0.0205249336,0.0139422887,0.0000000000,0.0079735695,0.0205290309
2026-05-07,OOS,-0.0037083974,1.3271129995,-0.0036901454,-0.0009488212,-0.0045013888,-0.0138296604,-0.0048525010,-0.0038084188
2026-05-08,OOS,0.0119380779,1.3429561779,0.0120380779,0.0234408726,0.0012575521,0.0000000000,0.0118368741,0.0118380779
2026-05-11,OOS,0.0028966770,1.3468462881,0.0029312577,0.0028963908,0.0022778230,0.0000000000,0.0007120103,0.0028969633
2026-05-12,OOS,-0.0106093205,1.3325571642,-0.0104070734,-0.0084818237,-0.0077982760,-0.0029467907,-0.0058407862,-0.0109083409
2026-05-13,OOS,-0.0002259093,1.3322561270,-0.0001259093,0.0105621854,0.0006819557,0.0065469229,-0.0003258968,-0.0003259093
2026-05-14,OOS,0.0071084889,1.3417264550,0.0071068830,0.0071077780,0.0078950649,0.0046223491,0.0019299348,0.0071092000
2026-05-15,OOS,-0.0173133519,1.3184966727,-0.0173335199,-0.0150877339,-0.0128110138,-0.0039993527,0.0000000000,-0.0174133698
2026-05-18,OOS,-0.0004542319,1.3178977694,-0.0003542319,-0.0045280916,-0.0042599260,0.0118785913,-0.0005542674,-0.0005542319
2026-05-19,OOS,0.0059418601,1.3257285336,0.0059391611,-0.0059370580,0.0067171230,-0.0099082706,-0.0090677121,0.0059424546
2026-05-20,OOS,-0.0043916986,1.3199063334,-0.0042074057,0.0165637963,-0.0057552557,-0.0116192753,0.0033459358,-0.0045917107
2026-05-21,OOS,0.0019072222,1.3224236881,0.0019137951,0.0019070322,0.0007219252,0.0000000000,0.0008717042,0.0019074123
2026-05-22,OOS,0.0042410902,1.3280322063,0.0042638228,0.0042406684,0.0039450877,-0.0104392136,-0.0030208472,0.0042415121
2026-05-26,OOS,0.0177568663,1.3516138966,0.0179277568,0.0177551077,0.0065582496,0.0000000000,0.0046705810,0.0177586253
2026-05-27,OOS,-0.0011448778,1.3500664639,-0.0011764211,-0.0011447664,-0.0001865384,0.0000000000,0.0000000000,-0.0011449892
2026-05-28,OOS,0.0084401267,1.3614611959,0.0086627371,0.0084393045,0.0055305623,0.0056873003,0.0024166830,0.0084409491
2026-05-29,OOS,0.0036844234,1.3664773954,0.0038135181,0.0036840674,0.0024783779,0.0625124293,-0.0055793671,0.0036847794
2026-06-01,OOS,0.0060007672,1.3746773081,0.0062339060,0.0060001896,0.0027366625,0.0594248524,0.0009051299,0.0060013449
2026-06-02,OOS,0.0045378228,1.3809153501,0.0047424123,0.0045373886,0.0013580046,-0.0290758694,0.0003633145,0.0045382570
2026-06-03,OOS,-0.0047107012,1.3744102704,-0.0048409165,-0.0025466751,-0.0039642050,0.0039741205,0.0000000000,-0.0048107079
2026-06-04,OOS,-0.0074983104,1.3641045156,-0.0072975806,-0.0048373443,-0.0028705994,0.0013858659,-0.0074983104,-0.0076990402
2026-06-05,OOS,0.0307586824,1.4060625731,0.0308586824,-0.0480009722,0.0170928936,0.0416172910,0.0306617682,0.0306586824
2026-06-08,OOS,-0.0219394903,1.3752142770,-0.0225151544,0.0156156923,-0.0023717954,0.0018980757,0.0000000000,-0.0220378347
2026-06-09,OOS,-0.0088423051,1.3630542128,-0.0087423051,-0.0114164816,-0.0161500973,0.0255754776,-0.0089431793,-0.0089423051
2026-06-10,OOS,-0.0021363248,1.3601422863,-0.0020163589,-0.0200665353,0.0000000000,-0.0082087838,0.0000000000,-0.0022385282
2026-06-11,OOS,0.0069919994,1.3696524004,0.0070919994,0.0337758941,-0.0023180146,-0.0144810279,0.0068912902,0.0068919994
2026-06-12,OOS,0.0058852341,1.3777131254,0.0059263836,0.0058846497,0.0054359167,0.0000000000,0.0033193542,0.0058858186
2026-06-15,OOS,0.0314168590,1.4209965444,0.0318227141,0.0314137577,0.0176082909,0.0016376392,0.0056397794,0.0314199610
2026-06-16,OOS,-0.0066725620,1.4115148569,-0.0068673024,-0.0190053763,-0.0024382799,-0.0065660281,0.0000000000,-0.0067725625
2026-06-17,OOS,-0.0093678227,1.3982920360,-0.0090751765,-0.0100704245,0.0107135530,0.0048217610,-0.0094670689,-0.0096675872
2026-06-18,OOS,-0.0125158091,1.3807912798,-0.0122759411,0.0250653970,-0.0076345447,0.0007774143,0.0016259432,-0.0127175846
2026-06-22,OOS,-0.0045557355,1.3745007600,-0.0044638630,-0.0036050876,-0.0043191388,-0.0082012930,-0.0099760838,-0.0046557646
2026-06-23,OOS,0.0039888666,1.3799834601,0.0040888666,-0.0329290602,-0.0056435358,-0.0096220718,0.0038892754,0.0038888666
2026-06-24,OOS,0.0040170225,1.3855268847,0.0040330459,-0.0040496041,-0.0015341128,0.0010159111,-0.0040136175,0.0040174226
2026-06-25,OOS,-0.0074204481,1.3752456543,-0.0074799743,0.0075412235,-0.0036846067,0.0172368459,0.0000000000,-0.0074211844
2026-06-26,OOS,0.0133897125,1.3936597983,0.0133969689,-0.0134055745,-0.0076468529,-0.0174950521,0.0000000000,0.0133910509
2026-06-29,OOS,-0.0104141665,1.3791459931,-0.0103537800,0.0248542150,0.0012784156,0.0191648224,0.0044754770,-0.0106133274
2026-06-30,OOS,0.0170163882,1.4026140767,0.0170942543,0.0170146945,0.0074501367,0.0079000896,0.0110734025,0.0170180823
2026-07-01,OOS,-0.0130956366,1.3842459524,-0.0132785725,-0.0151683867,-0.0078005153,0.0302487024,0.0000000000,-0.0131956383
2026-07-02,OOS,0.0131592982,1.4024616578,0.0132592982,-0.0174090978,-0.0054331704,0.0001213642,0.0130606242,0.0130592982
2026-07-06,OOS,-0.0125980379,1.3847933926,-0.0126638788,0.0143355837,-0.0054520281,-0.0042974995,0.0000000000,-0.0126979336
2026-07-07,OOS,-0.0079495341,1.3737849303,-0.0077487592,-0.0185246673,-0.0033339574,-0.0106441884,-0.0079495341,-0.0081503090
2026-07-08,OOS,-0.0082756419,1.3624159783,-0.0080748344,0.0028332605,-0.0046453080,-0.0104815626,-0.0082756419,-0.0084764493
2026-07-09,OOS,-0.0002440560,1.3620834725,-0.0001440560,0.0165661194,0.0024740884,0.0000000000,-0.0003440416,-0.0003440560
2026-07-10,OOS,0.0031586656,1.3663858388,0.0031578947,0.0031583497,0.0042979636,0.0000000000,0.0006138015,0.0031589816
2026-07-13,OOS,-0.0161272000,1.3443498611,-0.0159939422,-0.0190073190,-0.0062865860,0.0000000000,-0.0016917204,-0.0163256005
2026-07-14,OOS,-0.0101220439,1.3307422928,-0.0100047843,0.0112263250,0.0000000000,-0.0056174634,0.0000000000,-0.0102243788
2026-07-15,OOS,0.0000000000,1.3307422928,0.0000000000,-0.0027372136,0.0000000000,0.0033115705,0.0000000000,0.0000000000
2026-07-16,OOS,0.0034572620,1.3353430176,0.0035572620,-0.0165101569,-0.0014738096,-0.0147838232,0.0033576178,0.0033572620
2026-07-17,OOS,0.0148552633,1.3551798898,0.0149066219,-0.0149598379,0.0099915175,0.0000000000,-0.0094577591,0.0148567439
2026-07-20,OOS,-0.0141811440,1.3359618886,-0.0143419771,0.0010498612,-0.0070820666,0.0000000000,0.0000000000,-0.0142803383
2026-07-21,OOS,0.0008317954,1.3370731355,0.0009317954,0.0185472517,0.0000000000,-0.0030944350,0.0007317022,0.0007317954
2026-07-22,OOS,-0.0051065090,1.3302453595,-0.0051107566,-0.0051059988,-0.0027020122,0.0306776398,0.0000000000,-0.0051070193
2026-07-23,OOS,-0.0140039711,1.3116166420,-0.0137215266,-0.0189834834,-0.0075297715,0.0204099663,0.0011567528,-0.0142025991
2026-07-24,OOS,0.0111131818,1.3261928761,0.0111271468,-0.0111422626,-0.0033641733,-0.0061206757,-0.0116392495,0.0111142918
2026-07-27,OOS,0.0028796230,1.3300118116,0.0029152836,-0.0029521374,0.0000000000,-0.0000899890,-0.0042919538,0.0028799075
2026-07-28,OOS,0.0095806584,1.3427542005,0.0097272334,-0.0098793662,0.0000000000,-0.0135014805,-0.0105242857,0.0095816021
2026-07-29,OOS,-0.0051288337,1.3358674375,-0.0051591860,-0.0203703978,-0.0051044837,0.0064297040,-0.0084133889,-0.0052249539
2026-07-30,OOS,-0.0098537794,1.3227040945,-0.0095494809,0.0329741738,-0.0094728157,-0.0056130477,0.0002243933,-0.0101538044
2026-07-31,OOS,0.0064961508,1.3312965798,0.0064982583,0.0064955014,-0.0071675492,0.0020252835,-0.0101222947,0.0064968002
2026-08-03,OOS,0.0175601387,1.3546743323,0.0176799461,0.0175583947,0.0142444945,0.0300334833,0.0033547413,0.0175618830
2026-08-04,OOS,0.0339713473,1.4006944446,0.0348037350,0.0339680318,0.0180307360,0.0470220437,0.0157424890,0.0339746635
2026-08-05,OOS,-0.0048937934,1.3938397353,-0.0050785938,-0.0090488361,-0.0010075303,-0.0067685662,-0.0066751557,-0.0049937949
2026-08-06,OOS,0.0000000000,1.3938397353,0.0000000000,-0.0036944096,0.0000000000,0.0000000000,0.0000000000,0.0000000000
2026-08-07,OOS,0.0000000000,1.3938397353,0.0000000000,0.0117260197,0.0000000000,0.0000000000,0.0000000000,0.0000000000
2026-08-10,OOS,-0.0047462819,1.3872241790,-0.0046462819,-0.0029874279,-0.0016370308,0.0096086354,-0.0048458173,-0.0048462819
2026-08-11,OOS,-0.0028593719,1.3832575892,-0.0026581414,-0.0033570547,-0.0016754436,-0.0135320773,-0.0022784270,-0.0030591061
2026-08-12,OOS,-0.0106082349,1.3685836678,-0.0104022236,0.0073073979,-0.0029966532,0.0000000000,-0.0017312827,-0.0108093857
2026-08-13,OOS,0.0115667243,1.3844136977,0.0115478539,0.0115655658,0.0026845099,0.0025361072,0.0058875667,0.0115678830
2026-08-14,OOS,-0.0031939733,1.3799919174,-0.0031249569,-0.0013659896,-0.0021440265,-0.0112086903,0.0000000000,-0.0032939999
2026-08-17,OOS,0.0000000000,1.3799919174,0.0000000000,-0.0016414297,0.0024817445,0.0042899951,0.0000000000,0.0000000000
2026-08-18,OOS,0.0035243959,1.3848555553,0.0036243959,-0.0169345226,0.0067216716,0.0002915749,0.0034247584,0.0034243959
2026-08-19,OOS,0.0017989146,1.3873467922,0.0018052547,-0.0018118214,-0.0035008533,-0.0227851435,-0.0049662413,0.0017990939
2026-08-20,OOS,0.0073208668,1.3975033733,0.0073598845,-0.0074000642,0.0025151311,0.0000000000,-0.0010025129,0.0073215951
2026-08-21,OOS,-0.0034692798,1.3926550430,-0.0035133033,0.0035588190,-0.0060084907,-0.0084535694,0.0000000000,-0.0034696224
2026-08-24,OOS,0.0097973384,1.4062993557,0.0098872410,-0.0099798161,0.0000000000,0.0000000000,-0.0050197248,0.0097983093
2026-08-25,OOS,-0.0085593380,1.3942623642,-0.0086235627,0.0062294711,0.0000000000,-0.0013795930,0.0000000000,-0.0086572826
2026-08-26,OOS,0.0000000000,1.3942623642,0.0000000000,0.0009145655,-0.0038041706,-0.0056155325,0.0000000000,0.0000000000
2026-08-27,OOS,0.0040217016,1.3998696713,0.0041217016,0.0136918903,0.0065534965,0.0186870931,0.0039212894,0.0039217016
2026-08-28,OOS,-0.0067425444,1.3904309879,-0.0066699158,-0.0064899946,-0.0022697109,-0.0276603784,-0.0062770310,-0.0068425716
2026-08-31,OOS,0.0000000000,1.3904309879,0.0000000000,0.0004606172,-0.0076268333,-0.0047257060,0.0000000000,0.0000000000
2026-09-01,OOS,-0.0094016702,1.3773586144,-0.0091229057,-0.0125425526,0.0002149772,-0.0055327028,-0.0095015244,-0.0097008193
2026-09-02,OOS,-0.0020806635,1.3744927946,-0.0019716592,0.0021758481,-0.0047650099,0.0254662957,0.0000000000,-0.0021818824
2026-09-03,OOS,0.0022254028,1.3775515947,0.0023254028,0.0117861020,0.0042387329,-0.0279048109,0.0021251702,0.0021254028
2026-09-04,OOS,0.0017976629,1.3800279680,0.0018016634,0.0017974835,-0.0020659924,0.0000000000,-0.0037689884,0.0017978423
2026-09-08,OOS,-0.0008346219,1.3788761665,-0.0008379830,-0.0008345388,0.0000000000,-0.0011262419,0.0000000000,-0.0008347050
2026-09-09,OOS,-0.0039772685,1.3733920057,-0.0037874941,-0.0027980400,0.0016022391,0.0081015535,-0.0020742871,-0.0041768896
2026-09-10,OOS,0.0107343275,1.3881344453,0.0107131369,-0.0106930969,0.0058960134,0.0060999528,-0.0044471585,0.0107354032
2026-09-11,OOS,-0.0102204674,1.3739470624,-0.0102096474,0.0087344255,-0.0099638847,-0.0030796033,0.0000000000,-0.0103207601
2026-09-14,OOS,-0.0086750628,1.3620279853,-0.0084742154,-0.0078614593,0.0000000000,0.0053269450,-0.0086750628,-0.0088759102
2026-09-15,OOS,0.0000000000,1.3620279853,0.0000000000,-0.0066548233,-0.0000603945,-0.0102232946,0.0000000000,0.0000000000
2026-09-16,OOS,-0.0041820397,1.3563319302,-0.0040820397,0.0002554858,-0.0021941393,-0.0090109993,-0.0042824479,-0.0042820397
2026-09-17,OOS,-0.0100928687,1.3426426500,-0.0097835135,0.0173118402,-0.0092428402,0.0000000000,0.0035659171,-0.0102954448
2026-09-18,OOS,0.0063193262,1.3511272469,0.0063424947,0.0063186966,0.0000000000,-0.0066494473,-0.0038094460,0.0063199559
2026-09-21,OOS,0.0275444831,1.3883433485,0.0278201700,0.0275417562,0.0085586861,0.0036418291,0.0142215031,0.0275472105
2026-09-22,OOS,0.0082833211,1.3998434423,0.0085966705,0.0082825231,-0.0001551544,-0.0097211751,0.0038833078,0.0082841193
2026-09-23,OOS,-0.0059196931,1.3915567987,-0.0060904751,-0.0083616515,-0.0021134846,0.0000000000,0.0000000000,-0.0060196959
2026-09-24,OOS,-0.0055069744,1.3838935311,-0.0053064437,-0.0001618974,0.0007033693,0.0000000000,-0.0055069744,-0.0057075050
2026-09-25,OOS,0.0000000000,1.3838935311,0.0000000000,0.0046013305,-0.0034347512,0.0005426067,0.0000000000,0.0000000000
